threshold,precision,recall,f1,tp,fp,tn,fn
0.01,0.018241042345276872,1.0,0.03582853486884197,56,3014,116,0
0.010981963927855712,0.018451400329489293,1.0,0.03623422840504691,56,2979,151,0
0.011963927855711423,0.018697829716193656,1.0,0.036709275647328746,56,2939,191,0
0.012945891783567136,0.018938112952316538,1.0,0.03717225356787255,56,2901,229,0
0.013927855711422847,0.019184652278177457,1.0,0.03764705882352941,56,2863,267,0
0.014909819639278558,0.019464720194647202,1.0,0.03818615751789976,56,2821,309,0
0.01589178356713427,0.019711369236184443,1.0,0.03866068346565413,56,2785,345,0
0.01687374749498998,0.020050125313283207,1.0,0.03931203931203931,56,2737,393,0
0.017855711422845692,0.02029720913374411,1.0,0.03978685612788632,56,2703,427,0
0.018837675350701404,0.020595807282089002,1.0,0.04036036036036036,56,2663,467,0
0.019819639278557115,0.020833333333333332,1.0,0.04081632653061224,56,2632,498,0
0.020801603206412826,0.021148036253776436,1.0,0.04142011834319527,56,2592,538,0
0.021783567134268537,0.021439509954058193,1.0,0.041979010494752625,56,2556,574,0
0.02276553106212425,0.02173069460613116,1.0,0.04253703000379795,56,2521,609,0
0.02374749498997996,0.02198665096191598,1.0,0.043027276219746446,56,2491,639,0
0.02472945891783567,0.022373152217339192,1.0,0.043767096522078934,56,2447,683,0
0.025711422845691383,0.022718052738336714,1.0,0.044426814756049184,56,2409,721,0
0.026693386773547094,0.023045267489711935,1.0,0.04505229283990346,56,2374,756,0
0.027675350701402805,0.023411371237458192,1.0,0.0457516339869281,56,2336,794,0
0.028657314629258517,0.023759015697921087,1.0,0.04641525072523829,56,2301,829,0
0.029639278557114228,0.024117140396210164,1.0,0.04709840201850295,56,2266,864,0
0.03062124248496994,0.024443474465298997,1.0,0.04772049424797614,56,2235,895,0
0.03160320641282565,0.024800708591674048,1.0,0.04840103716508211,56,2202,928,0
0.03258517034068136,0.025145936237090254,1.0,0.049058256679807274,56,2171,959,0
0.03356713426853708,0.02546612096407458,1.0,0.04966740576496674,56,2143,987,0
0.03454909819639279,0.025878003696857672,1.0,0.05045045045045045,56,2108,1022,0
0.0355310621242485,0.02629107981220657,1.0,0.05123513266239707,56,2074,1056,0
0.036513026052104214,0.02660332541567696,1.0,0.05182785747339195,56,2049,1081,0
0.037494989979959925,0.027079303675048357,1.0,0.05273069679849341,56,2012,1118,0
0.038476953907815636,0.02734375,1.0,0.053231939163498096,56,1992,1138,0
0.03945891783567135,0.027654320987654323,1.0,0.05382027871215762,56,1969,1161,0
0.04044088176352706,0.028197381671701913,1.0,0.05484818805093046,56,1930,1200,0
0.04142284569138277,0.02857142857142857,1.0,0.05555555555555555,56,1904,1226,0
0.04240480961923848,0.02909090909090909,1.0,0.05653710247349823,56,1869,1261,0
0.04338677354709419,0.02948920484465508,1.0,0.05728900255754476,56,1843,1287,0
0.044368737474949904,0.029914529914529916,1.0,0.058091286307053944,56,1816,1314,0
0.045350701402805615,0.03027027027027027,1.0,0.05876180482686254,56,1794,1336,0
0.04633266533066133,0.030601092896174863,1.0,0.05938494167550371,56,1774,1356,0
0.04731462925851704,0.03105934553521908,1.0,0.06024744486282948,56,1747,1383,0
0.04829659318637275,0.03160270880361174,1.0,0.061269146608315096,56,1716,1414,0
0.04927855711422846,0.03192702394526796,1.0,0.061878453038674036,56,1698,1432,0
0.05026052104208417,0.032351242056614674,1.0,0.06267487409065473,56,1675,1455,0
0.05124248496993988,0.03274853801169591,1.0,0.06342015855039637,56,1654,1476,0
0.052224448897795595,0.03309692671394799,1.0,0.06407322654462243,56,1636,1494,0
0.053206412825651306,0.03343283582089552,1.0,0.06470248411322935,56,1619,1511,0
0.05418837675350702,0.03385731559854897,1.0,0.06549707602339182,56,1598,1532,0
0.05517034068136273,0.03418803418803419,1.0,0.06611570247933884,56,1582,1548,0
0.05615230460921844,0.0345252774352651,1.0,0.066746126340882,56,1566,1564,0
0.05713426853707416,0.035021888680425266,1.0,0.06767371601208459,56,1543,1587,0
0.05811623246492987,0.03535353535353535,1.0,0.06829268292682927,56,1528,1602,0
0.05909819639278558,0.03560076287349015,1.0,0.06875383670963782,56,1517,1613,0
0.06008016032064129,0.0359204618345093,1.0,0.0693498452012384,56,1503,1627,0
0.061062124248497,0.03619909502262444,1.0,0.06986899563318777,56,1491,1639,0
0.062044088176352714,0.0366732154551408,1.0,0.07075173720783323,56,1471,1659,0
0.06302605210420842,0.03713527851458886,1.0,0.07161125319693094,56,1452,1678,0
0.06400801603206413,0.03760913364674278,1.0,0.07249190938511327,56,1433,1697,0
0.06498997995991984,0.037940379403794036,1.0,0.0731070496083551,56,1420,1710,0
0.06597194388777555,0.038303693570451436,1.0,0.07378129117259552,56,1406,1724,0
0.06695390781563126,0.03867403314917127,1.0,0.07446808510638298,56,1392,1738,0
0.06793587174348698,0.03891591382904795,1.0,0.07491638795986622,56,1383,1747,0
0.06891783567134269,0.03943661971830986,1.0,0.07588075880758807,56,1364,1766,0
0.0698997995991984,0.0397444996451384,1.0,0.07645051194539249,56,1353,1777,0
0.07088176352705411,0.04014336917562724,1.0,0.0771881461061337,56,1339,1791,0
0.07186372745490982,0.04049168474331164,1.0,0.0778318276580959,56,1327,1803,0
0.07284569138276553,0.040846097738876735,1.0,0.07848633496846531,56,1315,1815,0
0.07382765531062124,0.041025641025641026,1.0,0.07881773399014778,56,1309,1821,0
0.07480961923847695,0.0413589364844904,1.0,0.07943262411347518,56,1298,1832,0
0.07579158316633267,0.04169769173492182,1.0,0.08005718370264475,56,1287,1843,0
0.07677354709418838,0.042010502625656414,1.0,0.08063354931605471,56,1277,1853,0
0.07775551102204409,0.0425531914893617,1.0,0.08163265306122448,56,1260,1870,0
0.0787374749498998,0.04284621270084162,1.0,0.08217168011738811,56,1251,1879,0
0.07971943887775551,0.04311008468052348,1.0,0.08265682656826569,56,1243,1887,0
0.08070140280561122,0.04351204351204351,1.0,0.08339538346984364,56,1231,1899,0
0.08168336673346693,0.04381846635367762,1.0,0.08395802098950525,56,1222,1908,0
0.08266533066132264,0.04412923561859732,1.0,0.08452830188679246,56,1213,1917,0
0.08364729458917836,0.04440919904837431,1.0,0.085041761579347,56,1205,1925,0
0.08462925851703407,0.0448,1.0,0.08575803981623277,56,1194,1936,0
0.08561122244488978,0.045124899274778404,1.0,0.08635312259059368,56,1185,1945,0
0.08659318637274549,0.04567699836867863,1.0,0.0873634945397816,56,1170,1960,0
0.0875751503006012,0.04597701149425287,1.0,0.08791208791208792,56,1162,1968,0
0.08855711422845691,0.0466278101582015,1.0,0.08910103420843278,56,1145,1985,0
0.08953907815631262,0.04697986577181208,1.0,0.08974358974358974,56,1136,1994,0
0.09052104208416833,0.047337278106508875,1.0,0.0903954802259887,56,1127,2003,0
0.09150300601202405,0.0475785896346644,1.0,0.0908353609083536,56,1121,2009,0
0.09248496993987976,0.04794520547945205,1.0,0.0915032679738562,56,1112,2018,0
0.09346693386773547,0.04840103716508211,1.0,0.09233305853256389,56,1101,2029,0
0.09444889779559118,0.048484848484848485,1.0,0.09248554913294797,56,1099,2031,0
0.09543086172344689,0.04890829694323144,1.0,0.093255620316403,56,1089,2041,0
0.0964128256513026,0.04916593503072871,1.0,0.09372384937238494,56,1083,2047,0
0.09739478957915831,0.04942630185348632,1.0,0.0941968040370059,56,1077,2053,0
0.09837675350701403,0.049601417183348095,1.0,0.09451476793248945,56,1073,2057,0
0.09935871743486974,0.050134288272157566,1.0,0.09548167092924126,56,1061,2069,0
0.10034068136272545,0.05049594229035167,1.0,0.096137339055794,56,1053,2077,0
0.10132264529058116,0.050816696914700546,1.0,0.09671848013816926,56,1046,2084,0
0.10230460921843687,0.050955414012738856,1.0,0.09696969696969697,56,1043,2087,0
0.10328657314629258,0.05156537753222836,1.0,0.09807355516637478,56,1030,2100,0
0.10426853707414831,0.05180388529139685,1.0,0.09850483729111698,56,1025,2105,0
0.10525050100200402,0.05223880597014925,1.0,0.09929078014184398,56,1016,2114,0
0.10623246492985973,0.05263157894736842,1.0,0.1,56,1008,2122,0
0.10721442885771544,0.0527803958529689,1.0,0.10026857654431513,56,1005,2125,0
0.10819639278557115,0.05303030303030303,1.0,0.10071942446043165,56,1000,2130,0
0.10917835671342686,0.05343511450381679,1.0,0.10144927536231885,56,992,2138,0
0.11016032064128257,0.05384615384615385,1.0,0.10218978102189781,56,984,2146,0
0.11114228456913829,0.05426356589147287,1.0,0.10294117647058823,56,976,2154,0
0.112124248496994,0.05442176870748299,1.0,0.1032258064516129,56,973,2157,0
0.11310621242484971,0.05392156862745098,0.9821428571428571,0.10223048327137546,55,965,2165,1
0.11408817635270542,0.054294175715695954,0.9821428571428571,0.1028999064546305,55,958,2172,1
0.11507014028056113,0.05461767626613704,0.9821428571428571,0.10348071495766697,55,952,2178,1
0.11605210420841684,0.054835493519441676,0.9821428571428571,0.10387157695939565,55,948,2182,1
0.11703406813627255,0.055611729019211326,0.9821428571428571,0.10526315789473684,55,934,2196,1
0.11801603206412827,0.05589430894308943,0.9821428571428571,0.10576923076923077,55,929,2201,1
0.11899799599198398,0.05623721881390593,0.9821428571428571,0.10638297872340426,55,923,2207,1
0.11997995991983969,0.05670103092783505,0.9821428571428571,0.10721247563352826,55,915,2215,1
0.1209619238476954,0.05687693898655636,0.9821428571428571,0.10752688172043011,55,912,2218,1
0.12194388777555111,0.05723204994797086,0.9821428571428571,0.10816125860373647,55,906,2224,1
0.12292585170340682,0.05783385909568875,0.9821428571428571,0.10923535253227408,55,896,2234,1
0.12390781563126253,0.05807814149947202,0.9821428571428571,0.10967098703888335,55,892,2238,1
0.12488977955911824,0.058386411889596604,0.9821428571428571,0.11022044088176353,55,887,2243,1
0.12587174348697397,0.05894962486602358,0.9821428571428571,0.11122345803842265,55,878,2252,1
0.12685370741482968,0.059012875536480686,0.9821428571428571,0.11133603238866396,55,877,2253,1
0.1278356713426854,0.0596529284164859,0.9821428571428571,0.11247443762781185,55,867,2263,1
0.1288176352705411,0.05991285403050109,0.9821428571428571,0.11293634496919917,55,863,2267,1
0.12979959919839681,0.060043668122270744,0.9821428571428571,0.11316872427983539,55,861,2269,1
0.13078156312625253,0.06030701754385965,0.9821428571428571,0.11363636363636363,55,857,2273,1
0.13176352705410824,0.06070640176600441,0.9821428571428571,0.11434511434511435,55,851,2279,1
0.13274549098196395,0.06104328523862375,0.9821428571428571,0.11494252873563218,55,846,2284,1
0.13372745490981966,0.06138392857142857,0.9821428571428571,0.11554621848739496,55,841,2289,1
0.13470941883767537,0.06179775280898876,0.9821428571428571,0.11627906976744186,55,835,2295,1
0.13569138276553108,0.06200676437429538,0.9821428571428571,0.11664899257688228,55,832,2298,1
0.1366733466933868,0.06235827664399093,0.9821428571428571,0.11727078891257996,55,827,2303,1
0.1376553106212425,0.06257110352673492,0.9821428571428571,0.11764705882352941,55,824,2306,1
0.13863727454909822,0.06271379703534778,0.9821428571428571,0.11789924973204716,55,822,2308,1
0.13961923847695393,0.06314580941446613,0.9821428571428571,0.1186623516720604,55,816,2314,1
0.14060120240480964,0.06336405529953917,0.9821428571428571,0.11904761904761904,55,813,2317,1
0.14158316633266535,0.06358381502890173,0.9821428571428571,0.11943539630836048,55,810,2320,1
0.14256513026052106,0.06387921022067364,0.9821428571428571,0.11995637949836423,55,806,2324,1
0.14354709418837677,0.06447831184056271,0.9821428571428571,0.12101210121012101,55,798,2332,1
0.14452905811623248,0.06485849056603774,0.9821428571428571,0.12168141592920353,55,793,2337,1
0.1455110220440882,0.06547619047619048,0.9821428571428571,0.12276785714285714,55,785,2345,1
0.1464929859719439,0.06571087216248507,0.9821428571428571,0.12318029115341546,55,782,2348,1
0.14747494989979962,0.0658682634730539,0.9821428571428571,0.12345679012345678,55,780,2350,1
0.14845691382765533,0.06618531889290012,0.9821428571428571,0.12401352874859076,55,776,2354,1
0.14943887775551104,0.06642512077294686,0.9821428571428571,0.1244343891402715,55,773,2357,1
0.15042084168336675,0.06690997566909976,0.9821428571428571,0.1252847380410023,55,767,2363,1
0.15140280561122246,0.06731946144430845,0.9821428571428571,0.12600229095074456,55,762,2368,1
0.15238476953907817,0.06748466257668712,0.9821428571428571,0.12629161882893225,55,760,2370,1
0.15336673346693389,0.06823821339950373,0.9821428571428571,0.12761020881670534,55,751,2379,1
0.1543486973947896,0.0685785536159601,0.9821428571428571,0.1282051282051282,55,747,2383,1
0.1553306613226453,0.06892230576441102,0.9821428571428571,0.1288056206088993,55,743,2387,1
0.15631262525050102,0.06935687263556116,0.9821428571428571,0.12956419316843346,55,738,2392,1
0.15729458917835673,0.06962025316455696,0.9821428571428571,0.13002364066193853,55,735,2395,1
0.15827655310621244,0.0698856416772554,0.9821428571428571,0.13048635824436536,55,732,2398,1
0.15925851703406815,0.07033248081841433,0.9821428571428571,0.13126491646778043,55,727,2403,1
0.16024048096192386,0.07069408740359898,0.9821428571428571,0.13189448441247004,55,723,2407,1
0.16122244488977958,0.07087628865979381,0.9821428571428571,0.13221153846153846,55,721,2409,1
0.1622044088176353,0.07124352331606218,0.9821428571428571,0.13285024154589373,55,717,2413,1
0.163186372745491,0.07152145643693109,0.9821428571428571,0.13333333333333333,55,714,2416,1
0.1641683366733467,0.0718954248366013,0.9821428571428571,0.13398294762484775,55,710,2420,1
0.16515030060120242,0.07236842105263158,0.9821428571428571,0.13480392156862744,55,705,2425,1
0.16613226452905813,0.07275132275132275,0.9821428571428571,0.1354679802955665,55,701,2429,1
0.16711422845691384,0.07304116865869854,0.9821428571428571,0.13597033374536466,55,698,2432,1
0.16809619238476955,0.07333333333333333,0.9821428571428571,0.13647642679900746,55,695,2435,1
0.16907815631262527,0.0739247311827957,0.9821428571428571,0.1375,55,689,2441,1
0.17006012024048098,0.0740242261103634,0.9821428571428571,0.1376720901126408,55,688,2442,1
0.1710420841683367,0.07442489851150202,0.9821428571428571,0.13836477987421383,55,684,2446,1
0.1720240480961924,0.07472826086956522,0.9821428571428571,0.1388888888888889,55,681,2449,1
0.1730060120240481,0.07513661202185792,0.9821428571428571,0.13959390862944163,55,677,2453,1
0.17398797595190382,0.07554945054945054,0.9821428571428571,0.14030612244897958,55,673,2457,1
0.17496993987975953,0.07617728531855955,0.9821428571428571,0.14138817480719795,55,667,2463,1
0.17595190380761525,0.07681564245810056,0.9821428571428571,0.14248704663212436,55,661,2469,1
0.17693386773547096,0.07713884992987377,0.9821428571428571,0.14304291287386217,55,658,2472,1
0.17791583166332667,0.07757404795486601,0.9821428571428571,0.1437908496732026,55,654,2476,1
0.17889779559118238,0.07779349363507779,0.9821428571428571,0.14416775884665792,55,652,2478,1
0.1798797595190381,0.07845934379457917,0.9821428571428571,0.1453104359313078,55,646,2484,1
0.1808617234468938,0.07890961262553801,0.9821428571428571,0.1460823373173971,55,642,2488,1
0.1818436873747495,0.07994186046511628,0.9821428571428571,0.1478494623655914,55,633,2497,1
0.18282565130260522,0.08017492711370262,0.9821428571428571,0.14824797843665768,55,631,2499,1
0.18380761523046094,0.08052708638360176,0.9821428571428571,0.14884979702300405,55,628,2502,1
0.18478957915831665,0.08088235294117647,0.9821428571428571,0.14945652173913043,55,625,2505,1
0.18577154308617236,0.08100147275405008,0.9821428571428571,0.14965986394557823,55,624,2506,1
0.18675350701402807,0.08160237388724036,0.9821428571428571,0.1506849315068493,55,619,2511,1
0.18773547094188378,0.08196721311475409,0.9821428571428571,0.15130674002751032,55,616,2514,1
0.1887174348697395,0.08270676691729323,0.9821428571428571,0.15256588072122051,55,610,2520,1
0.1896993987975952,0.08308157099697885,0.9821428571428571,0.1532033426183844,55,607,2523,1
0.19068136272545091,0.08358662613981763,0.9821428571428571,0.15406162464985995,55,603,2527,1
0.19166332665330663,0.08422664624808576,0.9821428571428571,0.15514809590973203,55,598,2532,1
0.19264529058116234,0.08448540706605223,0.9821428571428571,0.15558698727015557,55,596,2534,1
0.19362725450901805,0.08513931888544891,0.9821428571428571,0.15669515669515668,55,591,2539,1
0.19460921843687376,0.08580343213728549,0.9821428571428571,0.15781922525107603,55,586,2544,1
0.19559118236472947,0.0859375,0.9821428571428571,0.15804597701149425,55,585,2545,1
0.19657314629258518,0.08607198748043818,0.9821428571428571,0.15827338129496402,55,584,2546,1
0.1975551102204409,0.08661417322834646,0.9821428571428571,0.15918958031837915,55,580,2550,1
0.19853707414829663,0.08716323296354993,0.9821428571428571,0.16011644832605532,55,576,2554,1
0.19951903807615234,0.08771929824561403,0.9821428571428571,0.16105417276720352,55,572,2558,1
0.20050100200400806,0.088,0.9821428571428571,0.16152716593245228,55,570,2560,1
0.20148296593186377,0.08828250401284109,0.9821428571428571,0.16200294550810015,55,568,2562,1
0.20246492985971948,0.0888529886914378,0.9821428571428571,0.16296296296296298,55,564,2566,1
0.2034468937875752,0.08928571428571429,0.9821428571428571,0.1636904761904762,55,561,2569,1
0.2044288577154309,0.08928571428571429,0.9821428571428571,0.1636904761904762,55,561,2569,1
0.2054108216432866,0.09001636661211129,0.9821428571428571,0.16491754122938532,55,556,2574,1
0.20639278557114232,0.09046052631578948,0.9821428571428571,0.16566265060240964,55,553,2577,1
0.20737474949899803,0.09090909090909091,0.9821428571428571,0.1664145234493192,55,550,2580,1
0.20835671342685375,0.0912106135986733,0.9821428571428571,0.1669195751138088,55,548,2582,1
0.20933867735470946,0.09166666666666666,0.9821428571428571,0.1676829268292683,55,545,2585,1
0.21032064128256517,0.09212730318257957,0.9821428571428571,0.16845329249617153,55,542,2588,1
0.21130260521042088,0.09322033898305085,0.9821428571428571,0.17027863777089783,55,535,2595,1
0.2122845691382766,0.0935374149659864,0.9821428571428571,0.17080745341614906,55,533,2597,1
0.2132665330661323,0.09401709401709402,0.9821428571428571,0.17160686427457097,55,530,2600,1
0.214248496993988,0.09450171821305842,0.9821428571428571,0.1724137931034483,55,527,2603,1
0.21523046092184372,0.09482758620689655,0.9821428571428571,0.17295597484276728,55,525,2605,1
0.21621242484969944,0.0954861111111111,0.9821428571428571,0.17405063291139242,55,521,2609,1
0.21719438877755515,0.09598603839441536,0.9821428571428571,0.17488076311605724,55,518,2612,1
0.21817635270541086,0.09666080843585237,0.9821428571428571,0.176,55,514,2616,1
0.21915831663326657,0.09700176366843033,0.9821428571428571,0.17656500802568217,55,512,2618,1
0.22014028056112228,0.09786476868327403,0.9821428571428571,0.1779935275080906,55,507,2623,1
0.221122244488978,0.09803921568627451,0.9821428571428571,0.17828200972447325,55,506,2624,1
0.2221042084168337,0.0985663082437276,0.9821428571428571,0.1791530944625407,55,503,2627,1
0.22308617234468942,0.09892086330935251,0.9821428571428571,0.17973856209150327,55,501,2629,1
0.22406813627254513,0.09892086330935251,0.9821428571428571,0.17973856209150327,55,501,2629,1
0.22505010020040084,0.09927797833935018,0.9821428571428571,0.18032786885245902,55,499,2631,1
0.22603206412825655,0.09963768115942029,0.9821428571428571,0.18092105263157895,55,497,2633,1
0.22701402805611226,0.10018214936247723,0.9821428571428571,0.18181818181818182,55,494,2636,1
0.22799599198396797,0.10166358595194085,0.9821428571428571,0.18425460636515914,55,486,2644,1
0.22897795591182368,0.102803738317757,0.9821428571428571,0.18612521150592218,55,480,2650,1
0.2299599198396794,0.10318949343339587,0.9821428571428571,0.1867572156196944,55,478,2652,1
0.2309418837675351,0.10377358490566038,0.9821428571428571,0.18771331058020477,55,475,2655,1
0.23192384769539082,0.10396975425330812,0.9821428571428571,0.18803418803418803,55,474,2656,1
0.23290581162324653,0.10456273764258556,0.9821428571428571,0.18900343642611683,55,471,2659,1
0.23388777555110224,0.1049618320610687,0.9821428571428571,0.1896551724137931,55,469,2661,1
0.23486973947895795,0.1053639846743295,0.9821428571428571,0.1903114186851211,55,467,2663,1
0.23585170340681366,0.10597302504816955,0.9821428571428571,0.19130434782608696,55,464,2666,1
0.23683366733466937,0.1065891472868217,0.9821428571428571,0.19230769230769232,55,461,2669,1
0.23781563126252508,0.10721247563352826,0.9821428571428571,0.19332161687170474,55,458,2672,1
0.2387975951903808,0.10763209393346379,0.9821428571428571,0.19400352733686066,55,456,2674,1
0.2397795591182365,0.10784313725490197,0.9821428571428571,0.19434628975265017,55,455,2675,1
0.24076152304609222,0.10869565217391304,0.9821428571428571,0.19572953736654805,55,451,2679,1
0.24174348697394793,0.10934393638170974,0.9821428571428571,0.1967799642218247,55,448,2682,1
0.24272545090180364,0.11,0.9821428571428571,0.19784172661870503,55,445,2685,1
0.24370741482965935,0.11022044088176353,0.9821428571428571,0.1981981981981982,55,444,2686,1
0.24468937875751506,0.11066398390342053,0.9821428571428571,0.19891500904159132,55,442,2688,1
0.24567134268537077,0.11133603238866396,0.9821428571428571,0.2,55,439,2691,1
0.2466533066132265,0.11224489795918367,0.9821428571428571,0.20146520146520147,55,435,2695,1
0.2476352705410822,0.11270491803278689,0.9821428571428571,0.20220588235294118,55,433,2697,1
0.2486172344689379,0.1134020618556701,0.9821428571428571,0.2033271719038817,55,430,2700,1
0.24959919839679362,0.11458333333333333,0.9821428571428571,0.20522388059701493,55,425,2705,1
0.25058116232464933,0.11482254697286012,0.9821428571428571,0.205607476635514,55,424,2706,1
0.25156312625250504,0.11578947368421053,0.9821428571428571,0.2071563088512241,55,420,2710,1
0.25254509018036075,0.11702127659574468,0.9821428571428571,0.20912547528517111,55,415,2715,1
0.25352705410821647,0.11727078891257996,0.9821428571428571,0.20952380952380953,55,414,2716,1
0.2545090180360722,0.11752136752136752,0.9821428571428571,0.2099236641221374,55,413,2717,1
0.2554909819639279,0.11853448275862069,0.9821428571428571,0.21153846153846154,55,409,2721,1
0.2564729458917836,0.11904761904761904,0.9821428571428571,0.21235521235521235,55,407,2723,1
0.2574549098196393,0.11982570806100218,0.9821428571428571,0.21359223300970873,55,404,2726,1
0.258436873747495,0.12008733624454149,0.9821428571428571,0.2140077821011673,55,403,2727,1
0.25941883767535073,0.1206140350877193,0.9821428571428571,0.21484375,55,401,2729,1
0.26040080160320644,0.12168141592920353,0.9821428571428571,0.21653543307086615,55,397,2733,1
0.26138276553106216,0.12195121951219512,0.9821428571428571,0.21696252465483234,55,396,2734,1
0.26236472945891787,0.12276785714285714,0.9821428571428571,0.21825396825396826,55,393,2737,1
0.2633466933867736,0.12276785714285714,0.9821428571428571,0.21825396825396826,55,393,2737,1
0.2643286573146293,0.12331838565022421,0.9821428571428571,0.21912350597609562,55,391,2739,1
0.265310621242485,0.12359550561797752,0.9821428571428571,0.21956087824351297,55,390,2740,1
0.2662925851703407,0.12387387387387387,0.9821428571428571,0.22,55,389,2741,1
0.2672745490981964,0.1244343891402715,0.9821428571428571,0.22088353413654618,55,387,2743,1
0.26825651302605213,0.12471655328798185,0.9821428571428571,0.22132796780684105,55,386,2744,1
0.26923847695390785,0.1252847380410023,0.9821428571428571,0.2222222222222222,55,384,2746,1
0.27022044088176356,0.12585812356979406,0.9821428571428571,0.2231237322515213,55,382,2748,1
0.27120240480961927,0.12672811059907835,0.9821428571428571,0.22448979591836735,55,379,2751,1
0.272184368737475,0.12702078521939955,0.9821428571428571,0.2249488752556237,55,378,2752,1
0.2731663326653307,0.12761020881670534,0.9821428571428571,0.22587268993839835,55,376,2754,1
0.2741482965931864,0.12761020881670534,0.9821428571428571,0.22587268993839835,55,376,2754,1
0.2751302605210421,0.1282051282051282,0.9821428571428571,0.2268041237113402,55,374,2756,1
0.2761122244488978,0.12971698113207547,0.9821428571428571,0.22916666666666666,55,369,2761,1
0.27709418837675354,0.13033175355450238,0.9821428571428571,0.2301255230125523,55,367,2763,1
0.27807615230460925,0.13033175355450238,0.9821428571428571,0.2301255230125523,55,367,2763,1
0.27905811623246496,0.13064133016627077,0.9821428571428571,0.23060796645702306,55,366,2764,1
0.28004008016032067,0.13221153846153846,0.9821428571428571,0.2330508474576271,55,361,2769,1
0.2810220440881764,0.13253012048192772,0.9821428571428571,0.23354564755838642,55,360,2770,1
0.2820040080160321,0.13349514563106796,0.9821428571428571,0.23504273504273504,55,357,2773,1
0.2829859719438878,0.13381995133819952,0.9821428571428571,0.23554603854389722,55,356,2774,1
0.2839679358717435,0.13513513513513514,0.9821428571428571,0.23758099352051837,55,352,2778,1
0.2849498997995992,0.1354679802955665,0.9821428571428571,0.23809523809523808,55,351,2779,1
0.28593186372745494,0.1375,0.9821428571428571,0.2412280701754386,55,345,2785,1
0.28691382765531065,0.13784461152882205,0.9821428571428571,0.24175824175824176,55,344,2786,1
0.28789579158316636,0.1385390428211587,0.9821428571428571,0.24282560706401765,55,342,2788,1
0.28887775551102207,0.1385390428211587,0.9821428571428571,0.24282560706401765,55,342,2788,1
0.2898597194388778,0.13924050632911392,0.9821428571428571,0.24390243902439024,55,340,2790,1
0.2908416833667335,0.14102564102564102,0.9821428571428571,0.24663677130044842,55,335,2795,1
0.2918236472945892,0.14175257731958762,0.9821428571428571,0.24774774774774774,55,333,2797,1
0.2928056112224449,0.14360313315926893,0.9821428571428571,0.2505694760820046,55,328,2802,1
0.29378757515030063,0.14511873350923482,0.9821428571428571,0.25287356321839083,55,324,2806,1
0.29476953907815634,0.14588859416445624,0.9821428571428571,0.2540415704387991,55,322,2808,1
0.29575150300601205,0.14627659574468085,0.9821428571428571,0.25462962962962965,55,321,2809,1
0.29673346693386776,0.14705882352941177,0.9821428571428571,0.2558139534883721,55,319,2811,1
0.2977154308617235,0.1478494623655914,0.9821428571428571,0.2570093457943925,55,317,2813,1
0.2986973947895792,0.14905149051490515,0.9821428571428571,0.25882352941176473,55,314,2816,1
0.2996793587174349,0.15027322404371585,0.9821428571428571,0.26066350710900477,55,311,2819,1
0.3006613226452906,0.1510989010989011,0.9821428571428571,0.2619047619047619,55,309,2821,1
0.3016432865731463,0.1523545706371191,0.9821428571428571,0.2637889688249401,55,306,2824,1
0.30262525050100203,0.1527777777777778,0.9821428571428571,0.2644230769230769,55,305,2825,1
0.30360721442885774,0.15406162464985995,0.9821428571428571,0.26634382566585957,55,302,2828,1
0.30458917835671345,0.15492957746478872,0.9821428571428571,0.26763990267639903,55,300,2830,1
0.30557114228456916,0.1558073654390935,0.9821428571428571,0.26894865525672373,55,298,2832,1
0.3065531062124249,0.15625,0.9821428571428571,0.2696078431372549,55,297,2833,1
0.3075350701402806,0.15625,0.9821428571428571,0.2696078431372549,55,297,2833,1
0.3085170340681363,0.1585014409221902,0.9821428571428571,0.2729528535980149,55,292,2838,1
0.309498997995992,0.15895953757225434,0.9821428571428571,0.2736318407960199,55,291,2839,1
0.3104809619238477,0.15895953757225434,0.9821428571428571,0.2736318407960199,55,291,2839,1
0.31146292585170343,0.15988372093023256,0.9821428571428571,0.275,55,289,2841,1
0.31244488977955914,0.16129032258064516,0.9821428571428571,0.2770780856423174,55,286,2844,1
0.31342685370741485,0.16176470588235295,0.9821428571428571,0.2777777777777778,55,285,2845,1
0.31440881763527057,0.16272189349112426,0.9821428571428571,0.27918781725888325,55,283,2847,1
0.3153907815631263,0.16417910447761194,0.9821428571428571,0.2813299232736573,55,280,2850,1
0.316372745490982,0.16467065868263472,0.9821428571428571,0.28205128205128205,55,279,2851,1
0.3173547094188377,0.16666666666666666,0.9821428571428571,0.2849740932642487,55,275,2855,1
0.3183366733466934,0.16666666666666666,0.9821428571428571,0.2849740932642487,55,275,2855,1
0.3193186372745491,0.16923076923076924,0.9821428571428571,0.2887139107611549,55,270,2860,1
0.32030060120240483,0.17080745341614906,0.9821428571428571,0.291005291005291,55,267,2863,1
0.32128256513026054,0.16981132075471697,0.9642857142857143,0.2887700534759358,54,264,2866,2
0.32226452905811626,0.17307692307692307,0.9642857142857143,0.29347826086956524,54,258,2872,2
0.32324649298597197,0.17475728155339806,0.9642857142857143,0.2958904109589041,54,255,2875,2
0.3242284569138277,0.17475728155339806,0.9642857142857143,0.2958904109589041,54,255,2875,2
0.3252104208416834,0.17532467532467533,0.9642857142857143,0.2967032967032967,54,254,2876,2
0.3261923847695391,0.17704918032786884,0.9642857142857143,0.29916897506925205,54,251,2879,2
0.3271743486973948,0.17880794701986755,0.9642857142857143,0.3016759776536313,54,248,2882,2
0.3281563126252505,0.17940199335548174,0.9642857142857143,0.3025210084033613,54,247,2883,2
0.32913827655310623,0.18181818181818182,0.9642857142857143,0.3059490084985836,54,243,2887,2
0.33012024048096195,0.18430034129692832,0.9642857142857143,0.30945558739255014,54,239,2891,2
0.33110220440881766,0.18493150684931506,0.9642857142857143,0.3103448275862069,54,238,2892,2
0.33208416833667337,0.18556701030927836,0.9642857142857143,0.3112391930835735,54,237,2893,2
0.3330661322645291,0.1875,0.9642857142857143,0.313953488372093,54,234,2896,2
0.3340480961923848,0.18947368421052632,0.9642857142857143,0.31671554252199413,54,231,2899,2
0.3350300601202405,0.18947368421052632,0.9642857142857143,0.31671554252199413,54,231,2899,2
0.3360120240480962,0.19014084507042253,0.9642857142857143,0.3176470588235294,54,230,2900,2
0.3369939879759519,0.19081272084805653,0.9642857142857143,0.3185840707964602,54,229,2901,2
0.33797595190380764,0.19148936170212766,0.9642857142857143,0.31952662721893493,54,228,2902,2
0.33895791583166335,0.19217081850533807,0.9642857142857143,0.32047477744807124,54,227,2903,2
0.33993987975951906,0.1935483870967742,0.9642857142857143,0.32238805970149254,54,225,2905,2
0.34092184368737477,0.19494584837545126,0.9642857142857143,0.32432432432432434,54,223,2907,2
0.3419038076152305,0.19708029197080293,0.9642857142857143,0.32727272727272727,54,220,2910,2
0.3428857715430862,0.1978021978021978,0.9642857142857143,0.3282674772036474,54,219,2911,2
0.3438677354709419,0.19852941176470587,0.9642857142857143,0.32926829268292684,54,218,2912,2
0.3448496993987976,0.1992619926199262,0.9642857142857143,0.3302752293577982,54,217,2913,2
0.3458316633266533,0.20074349442379183,0.9642857142857143,0.3323076923076923,54,215,2915,2
0.34681362725450904,0.20074349442379183,0.9642857142857143,0.3323076923076923,54,215,2915,2
0.34779559118236475,0.20224719101123595,0.9642857142857143,0.33436532507739936,54,213,2917,2
0.34877755511022046,0.20454545454545456,0.9642857142857143,0.3375,54,210,2920,2
0.34975951903807617,0.20532319391634982,0.9642857142857143,0.3385579937304075,54,209,2921,2
0.3507414829659319,0.20610687022900764,0.9642857142857143,0.33962264150943394,54,208,2922,2
0.3517234468937876,0.20930232558139536,0.9642857142857143,0.34394904458598724,54,204,2926,2
0.3527054108216433,0.21011673151750973,0.9642857142857143,0.3450479233226837,54,203,2927,2
0.353687374749499,0.21011673151750973,0.9642857142857143,0.3450479233226837,54,203,2927,2
0.35466933867735473,0.2125984251968504,0.9642857142857143,0.34838709677419355,54,200,2930,2
0.35565130260521044,0.21115537848605578,0.9464285714285714,0.34527687296416937,53,198,2932,3
0.35663326653306615,0.21115537848605578,0.9464285714285714,0.34527687296416937,53,198,2932,3
0.35761523046092186,0.212,0.9464285714285714,0.3464052287581699,53,197,2933,3
0.3585971943887776,0.2145748987854251,0.9464285714285714,0.34983498349834985,53,194,2936,3
0.3595791583166333,0.2145748987854251,0.9464285714285714,0.34983498349834985,53,194,2936,3
0.360561122244489,0.2190082644628099,0.9464285714285714,0.35570469798657717,53,189,2941,3
0.3615430861723447,0.22083333333333333,0.9464285714285714,0.3581081081081081,53,187,2943,3
0.3625250501002004,0.22083333333333333,0.9464285714285714,0.3581081081081081,53,187,2943,3
0.36350701402805613,0.22362869198312235,0.9464285714285714,0.36177474402730375,53,184,2946,3
0.36448897795591184,0.2245762711864407,0.9464285714285714,0.363013698630137,53,183,2947,3
0.36547094188376755,0.2264957264957265,0.9464285714285714,0.36551724137931035,53,181,2949,3
0.36645290581162326,0.22844827586206898,0.9464285714285714,0.3680555555555556,53,179,2951,3
0.367434869739479,0.22844827586206898,0.9464285714285714,0.3680555555555556,53,179,2951,3
0.3684168336673347,0.22943722943722944,0.9464285714285714,0.3693379790940767,53,178,2952,3
0.3693987975951904,0.2324561403508772,0.9464285714285714,0.3732394366197183,53,175,2955,3
0.3703807615230461,0.23348017621145375,0.9464285714285714,0.3745583038869258,53,174,2956,3
0.3713627254509018,0.23660714285714285,0.9464285714285714,0.37857142857142856,53,171,2959,3
0.37234468937875753,0.2398190045248869,0.9464285714285714,0.38267148014440433,53,168,2962,3
0.37332665330661324,0.2420091324200913,0.9464285714285714,0.38545454545454544,53,166,2964,3
0.37430861723446895,0.2420091324200913,0.9464285714285714,0.38545454545454544,53,166,2964,3
0.37529058116232467,0.2420091324200913,0.9464285714285714,0.38545454545454544,53,166,2964,3
0.3762725450901804,0.24311926605504589,0.9464285714285714,0.38686131386861317,53,165,2965,3
0.3772545090180361,0.24311926605504589,0.9464285714285714,0.38686131386861317,53,165,2965,3
0.3782364729458918,0.24311926605504589,0.9464285714285714,0.38686131386861317,53,165,2965,3
0.3792184368737475,0.24413145539906103,0.9285714285714286,0.38661710037174724,52,161,2969,4
0.3802004008016032,0.24644549763033174,0.9285714285714286,0.3895131086142322,52,159,2971,4
0.38118236472945893,0.25120772946859904,0.9285714285714286,0.39543726235741444,52,155,2975,4
0.38216432865731464,0.25120772946859904,0.9285714285714286,0.39543726235741444,52,155,2975,4
0.38314629258517036,0.2524271844660194,0.9285714285714286,0.3969465648854962,52,154,2976,4
0.38412825651302607,0.2524271844660194,0.9285714285714286,0.3969465648854962,52,154,2976,4
0.3851102204408818,0.25365853658536586,0.9285714285714286,0.39846743295019155,52,153,2977,4
0.3860921843687375,0.26,0.9285714285714286,0.40625,52,148,2982,4
0.38707414829659326,0.26,0.9285714285714286,0.40625,52,148,2982,4
0.38805611222444897,0.26,0.9285714285714286,0.40625,52,148,2982,4
0.3890380761523047,0.26,0.9285714285714286,0.40625,52,148,2982,4
0.3900200400801604,0.25888324873096447,0.9107142857142857,0.4031620553359684,51,146,2984,5
0.3910020040080161,0.26288659793814434,0.9107142857142857,0.408,51,143,2987,5
0.3919839679358718,0.265625,0.9107142857142857,0.4112903225806452,51,141,2989,5
0.3929659318637275,0.265625,0.9107142857142857,0.4112903225806452,51,141,2989,5
0.39394789579158324,0.26842105263157895,0.9107142857142857,0.4146341463414634,51,139,2991,5
0.39492985971943895,0.2698412698412698,0.9107142857142857,0.4163265306122449,51,138,2992,5
0.39591182364729466,0.2727272727272727,0.9107142857142857,0.41975308641975306,51,136,2994,5
0.39689378757515037,0.2756756756756757,0.9107142857142857,0.42323651452282157,51,134,2996,5
0.3978757515030061,0.2786885245901639,0.9107142857142857,0.42677824267782427,51,132,2998,5
0.3988577154308618,0.281767955801105,0.9107142857142857,0.43037974683544306,51,130,3000,5
0.3998396793587175,0.28651685393258425,0.9107142857142857,0.4358974358974359,51,127,3003,5
0.4008216432865732,0.2914285714285714,0.9107142857142857,0.44155844155844154,51,124,3006,5
0.4018036072144289,0.29310344827586204,0.9107142857142857,0.4434782608695652,51,123,3007,5
0.40278557114228464,0.29651162790697677,0.9107142857142857,0.4473684210526316,51,121,3009,5
0.40376753507014035,0.3,0.9107142857142857,0.45132743362831856,51,119,3011,5
0.40474949899799606,0.30177514792899407,0.9107142857142857,0.4533333333333333,51,118,3012,5
0.40573146292585177,0.30357142857142855,0.9107142857142857,0.45535714285714285,51,117,3013,5
0.4067134268537075,0.30357142857142855,0.9107142857142857,0.45535714285714285,51,117,3013,5
0.4076953907815632,0.30538922155688625,0.9107142857142857,0.45739910313901344,51,116,3014,5
0.4086773547094189,0.3072289156626506,0.9107142857142857,0.4594594594594595,51,115,3015,5
0.4096593186372746,0.3128834355828221,0.9107142857142857,0.4657534246575342,51,112,3018,5
0.41064128256513033,0.32075471698113206,0.9107142857142857,0.4744186046511628,51,108,3022,5
0.41162324649298604,0.32075471698113206,0.9107142857142857,0.4744186046511628,51,108,3022,5
0.41260521042084175,0.3227848101265823,0.9107142857142857,0.4766355140186916,51,107,3023,5
0.41358717434869746,0.3227848101265823,0.9107142857142857,0.4766355140186916,51,107,3023,5
0.4145691382765532,0.3227848101265823,0.9107142857142857,0.4766355140186916,51,107,3023,5
0.4155511022044089,0.32051282051282054,0.8928571428571429,0.4716981132075472,50,106,3024,6
0.4165330661322646,0.3225806451612903,0.8928571428571429,0.47393364928909953,50,105,3025,6
0.4175150300601203,0.3246753246753247,0.8928571428571429,0.47619047619047616,50,104,3026,6
0.418496993987976,0.33112582781456956,0.8928571428571429,0.4830917874396135,50,101,3029,6
0.41947895791583173,0.33112582781456956,0.8928571428571429,0.4830917874396135,50,101,3029,6
0.42046092184368744,0.33112582781456956,0.8928571428571429,0.4830917874396135,50,101,3029,6
0.42144288577154315,0.33557046979865773,0.8928571428571429,0.4878048780487805,50,99,3031,6
0.42242484969939886,0.33557046979865773,0.8928571428571429,0.4878048780487805,50,99,3031,6
0.4234068136272546,0.3310810810810811,0.875,0.4803921568627451,49,99,3031,7
0.4243887775551103,0.3333333333333333,0.875,0.4827586206896552,49,98,3032,7
0.425370741482966,0.3333333333333333,0.875,0.4827586206896552,49,98,3032,7
0.4263527054108217,0.3333333333333333,0.875,0.4827586206896552,49,98,3032,7
0.4273346693386774,0.3333333333333333,0.875,0.4827586206896552,49,98,3032,7
0.42831663326653313,0.3356164383561644,0.875,0.48514851485148514,49,97,3033,7
0.42929859719438884,0.3402777777777778,0.875,0.49,49,95,3035,7
0.43028056112224455,0.3402777777777778,0.875,0.49,49,95,3035,7
0.43126252505010026,0.3402777777777778,0.875,0.49,49,95,3035,7
0.432244488977956,0.3380281690140845,0.8571428571428571,0.48484848484848486,48,94,3036,8
0.4332264529058117,0.3380281690140845,0.8571428571428571,0.48484848484848486,48,94,3036,8
0.4342084168336674,0.3380281690140845,0.8571428571428571,0.48484848484848486,48,94,3036,8
0.4351903807615231,0.3380281690140845,0.8571428571428571,0.48484848484848486,48,94,3036,8
0.4361723446893788,0.3404255319148936,0.8571428571428571,0.4873096446700508,48,93,3037,8
0.43715430861723453,0.3404255319148936,0.8571428571428571,0.4873096446700508,48,93,3037,8
0.43813627254509024,0.3404255319148936,0.8571428571428571,0.4873096446700508,48,93,3037,8
0.43911823647294596,0.3404255319148936,0.8571428571428571,0.4873096446700508,48,93,3037,8
0.44010020040080167,0.34285714285714286,0.8571428571428571,0.4897959183673469,48,92,3038,8
0.4410821643286574,0.34285714285714286,0.8571428571428571,0.4897959183673469,48,92,3038,8
0.4420641282565131,0.34285714285714286,0.8571428571428571,0.4897959183673469,48,92,3038,8
0.4430460921843688,0.34285714285714286,0.8571428571428571,0.4897959183673469,48,92,3038,8
0.4440280561122245,0.3381294964028777,0.8392857142857143,0.48205128205128206,47,92,3038,9
0.4450100200400802,0.3381294964028777,0.8392857142857143,0.48205128205128206,47,92,3038,9
0.44599198396793593,0.34057971014492755,0.8392857142857143,0.4845360824742268,47,91,3039,9
0.44697394789579165,0.33088235294117646,0.8035714285714286,0.46875,45,91,3039,11
0.44795591182364736,0.32592592592592595,0.7857142857142857,0.4607329842931937,44,91,3039,12
0.44893787575150307,0.32592592592592595,0.7857142857142857,0.4607329842931937,44,91,3039,12
0.4499198396793588,0.3233082706766917,0.7678571428571429,0.455026455026455,43,90,3040,13
0.4509018036072145,0.3233082706766917,0.7678571428571429,0.455026455026455,43,90,3040,13
0.4518837675350702,0.32575757575757575,0.7678571428571429,0.4574468085106383,43,89,3041,13
0.4528657314629259,0.3282442748091603,0.7678571428571429,0.45989304812834225,43,88,3042,13
0.4538476953907816,0.3333333333333333,0.7678571428571429,0.4648648648648649,43,86,3044,13
0.45482965931863734,0.3412698412698413,0.7678571428571429,0.4725274725274725,43,83,3047,13
0.45581162324649305,0.336,0.75,0.46408839779005523,42,83,3047,14
0.45679358717434876,0.3387096774193548,0.75,0.4666666666666667,42,82,3048,14
0.45777555110220447,0.3387096774193548,0.75,0.4666666666666667,42,82,3048,14
0.4587575150300602,0.3360655737704918,0.7321428571428571,0.4606741573033708,41,81,3049,15
0.4597394789579159,0.3360655737704918,0.7321428571428571,0.4606741573033708,41,81,3049,15
0.4607214428857716,0.3305785123966942,0.7142857142857143,0.4519774011299435,40,81,3049,16
0.4617034068136273,0.3333333333333333,0.7142857142857143,0.45454545454545453,40,80,3050,16
0.462685370741483,0.3305084745762712,0.6964285714285714,0.4482758620689655,39,79,3051,17
0.46366733466933874,0.3333333333333333,0.6964285714285714,0.4508670520231214,39,78,3052,17
0.46464929859719445,0.33620689655172414,0.6964285714285714,0.45348837209302323,39,77,3053,17
0.46563126252505016,0.33043478260869563,0.6785714285714286,0.4444444444444444,38,77,3053,18
0.46661322645290587,0.32456140350877194,0.6607142857142857,0.43529411764705883,37,77,3053,19
0.4675951903807616,0.3185840707964602,0.6428571428571429,0.4260355029585799,36,77,3053,20
0.4685771543086173,0.3185840707964602,0.6428571428571429,0.4260355029585799,36,77,3053,20
0.469559118236473,0.3185840707964602,0.6428571428571429,0.4260355029585799,36,77,3053,20
0.4705410821643287,0.32142857142857145,0.6428571428571429,0.42857142857142855,36,76,3054,20
0.47152304609218443,0.32142857142857145,0.6428571428571429,0.42857142857142855,36,76,3054,20
0.47250501002004014,0.32432432432432434,0.6428571428571429,0.4311377245508982,36,75,3055,20
0.47348697394789585,0.32432432432432434,0.6428571428571429,0.4311377245508982,36,75,3055,20
0.47446893787575156,0.32432432432432434,0.6428571428571429,0.4311377245508982,36,75,3055,20
0.4754509018036073,0.32432432432432434,0.6428571428571429,0.4311377245508982,36,75,3055,20
0.476432865731463,0.32432432432432434,0.6428571428571429,0.4311377245508982,36,75,3055,20
0.4774148296593187,0.32432432432432434,0.6428571428571429,0.4311377245508982,36,75,3055,20
0.4783967935871744,0.3181818181818182,0.625,0.42168674698795183,35,75,3055,21
0.4793787575150301,0.3211009174311927,0.625,0.42424242424242425,35,74,3056,21
0.48036072144288583,0.32407407407407407,0.625,0.4268292682926829,35,73,3057,21
0.48134268537074154,0.32407407407407407,0.625,0.4268292682926829,35,73,3057,21
0.48232464929859725,0.3177570093457944,0.6071428571428571,0.4171779141104294,34,73,3057,22
0.48330661322645296,0.3113207547169811,0.5892857142857143,0.4074074074074074,33,73,3057,23
0.4842885771543087,0.3076923076923077,0.5714285714285714,0.4,32,72,3058,24
0.4852705410821644,0.3076923076923077,0.5714285714285714,0.4,32,72,3058,24
0.4862525050100201,0.30392156862745096,0.5535714285714286,0.3924050632911392,31,71,3059,25
0.4872344689378758,0.3069306930693069,0.5535714285714286,0.39490445859872614,31,70,3060,25
0.4882164328657315,0.30612244897959184,0.5357142857142857,0.38961038961038963,30,68,3062,26
0.48919839679358723,0.3125,0.5357142857142857,0.39473684210526316,30,66,3064,26
0.49018036072144294,0.3125,0.5357142857142857,0.39473684210526316,30,66,3064,26
0.49116232464929865,0.3125,0.5357142857142857,0.39473684210526316,30,66,3064,26
0.49214428857715437,0.3125,0.5357142857142857,0.39473684210526316,30,66,3064,26
0.4931262525050101,0.3125,0.5357142857142857,0.39473684210526316,30,66,3064,26
0.4941082164328658,0.3125,0.5357142857142857,0.39473684210526316,30,66,3064,26
0.4950901803607215,0.3191489361702128,0.5357142857142857,0.4,30,64,3066,26
0.4960721442885772,0.32608695652173914,0.5357142857142857,0.40540540540540543,30,62,3068,26
0.4970541082164329,0.32967032967032966,0.5357142857142857,0.40816326530612246,30,61,3069,26
0.49803607214428863,0.32967032967032966,0.5357142857142857,0.40816326530612246,30,61,3069,26
0.49901803607214434,0.32967032967032966,0.5357142857142857,0.40816326530612246,30,61,3069,26
0.5,0.33707865168539325,0.5357142857142857,0.41379310344827586,30,59,3071,26
0.5009819639278558,0.33707865168539325,0.5357142857142857,0.41379310344827586,30,59,3071,26
0.5019639278557114,0.33707865168539325,0.5357142857142857,0.41379310344827586,30,59,3071,26
0.5029458917835672,0.33707865168539325,0.5357142857142857,0.41379310344827586,30,59,3071,26
0.5039278557114228,0.3448275862068966,0.5357142857142857,0.4195804195804196,30,57,3073,26
0.5049098196392786,0.3448275862068966,0.5357142857142857,0.4195804195804196,30,57,3073,26
0.5058917835671343,0.3448275862068966,0.5357142857142857,0.4195804195804196,30,57,3073,26
0.50687374749499,0.3411764705882353,0.5178571428571429,0.41134751773049644,29,56,3074,27
0.5078557114228457,0.34523809523809523,0.5178571428571429,0.4142857142857143,29,55,3075,27
0.5088376753507015,0.34523809523809523,0.5178571428571429,0.4142857142857143,29,55,3075,27
0.5098196392785571,0.34523809523809523,0.5178571428571429,0.4142857142857143,29,55,3075,27
0.5108016032064129,0.34523809523809523,0.5178571428571429,0.4142857142857143,29,55,3075,27
0.5117835671342685,0.3493975903614458,0.5178571428571429,0.4172661870503597,29,54,3076,27
0.5127655310621243,0.3493975903614458,0.5178571428571429,0.4172661870503597,29,54,3076,27
0.5137474949899801,0.35365853658536583,0.5178571428571429,0.42028985507246375,29,53,3077,27
0.5147294589178357,0.35365853658536583,0.5178571428571429,0.42028985507246375,29,53,3077,27
0.5157114228456915,0.35365853658536583,0.5178571428571429,0.42028985507246375,29,53,3077,27
0.5166933867735471,0.345679012345679,0.5,0.40875912408759124,28,53,3077,28
0.5176753507014029,0.34177215189873417,0.48214285714285715,0.4,27,52,3078,29
0.5186573146292586,0.34615384615384615,0.48214285714285715,0.40298507462686567,27,51,3079,29
0.5196392785571143,0.34615384615384615,0.48214285714285715,0.40298507462686567,27,51,3079,29
0.52062124248497,0.34615384615384615,0.48214285714285715,0.40298507462686567,27,51,3079,29
0.5216032064128258,0.34615384615384615,0.48214285714285715,0.40298507462686567,27,51,3079,29
0.5225851703406814,0.34615384615384615,0.48214285714285715,0.40298507462686567,27,51,3079,29
0.5235671342685372,0.34615384615384615,0.48214285714285715,0.40298507462686567,27,51,3079,29
0.5245490981963928,0.34615384615384615,0.48214285714285715,0.40298507462686567,27,51,3079,29
0.5255310621242486,0.35064935064935066,0.48214285714285715,0.40601503759398494,27,50,3080,29
0.5265130260521043,0.35064935064935066,0.48214285714285715,0.40601503759398494,27,50,3080,29
0.52749498997996,0.35064935064935066,0.48214285714285715,0.40601503759398494,27,50,3080,29
0.5284769539078157,0.35064935064935066,0.48214285714285715,0.40601503759398494,27,50,3080,29
0.5294589178356714,0.34210526315789475,0.4642857142857143,0.3939393939393939,26,50,3080,30
0.5304408817635271,0.34210526315789475,0.4642857142857143,0.3939393939393939,26,50,3080,30
0.5314228456913829,0.34210526315789475,0.4642857142857143,0.3939393939393939,26,50,3080,30
0.5324048096192385,0.34210526315789475,0.4642857142857143,0.3939393939393939,26,50,3080,30
0.5333867735470943,0.34210526315789475,0.4642857142857143,0.3939393939393939,26,50,3080,30
0.53436873747495,0.34210526315789475,0.4642857142857143,0.3939393939393939,26,50,3080,30
0.5353507014028057,0.3466666666666667,0.4642857142857143,0.3969465648854962,26,49,3081,30
0.5363326653306614,0.3466666666666667,0.4642857142857143,0.3969465648854962,26,49,3081,30
0.5373146292585171,0.3466666666666667,0.4642857142857143,0.3969465648854962,26,49,3081,30
0.5382965931863728,0.35135135135135137,0.4642857142857143,0.4,26,48,3082,30
0.5392785571142286,0.35135135135135137,0.4642857142857143,0.4,26,48,3082,30
0.5402605210420842,0.35135135135135137,0.4642857142857143,0.4,26,48,3082,30
0.54124248496994,0.35135135135135137,0.4642857142857143,0.4,26,48,3082,30
0.5422244488977956,0.35135135135135137,0.4642857142857143,0.4,26,48,3082,30
0.5432064128256514,0.35135135135135137,0.4642857142857143,0.4,26,48,3082,30
0.5441883767535071,0.35135135135135137,0.4642857142857143,0.4,26,48,3082,30
0.5451703406813628,0.35135135135135137,0.4642857142857143,0.4,26,48,3082,30
0.5461523046092185,0.35135135135135137,0.4642857142857143,0.4,26,48,3082,30
0.5471342685370743,0.35135135135135137,0.4642857142857143,0.4,26,48,3082,30
0.5481162324649299,0.35135135135135137,0.4642857142857143,0.4,26,48,3082,30
0.5490981963927857,0.35135135135135137,0.4642857142857143,0.4,26,48,3082,30
0.5500801603206413,0.35135135135135137,0.4642857142857143,0.4,26,48,3082,30
0.5510621242484971,0.35135135135135137,0.4642857142857143,0.4,26,48,3082,30
0.5520440881763528,0.3561643835616438,0.4642857142857143,0.40310077519379844,26,47,3083,30
0.5530260521042085,0.3561643835616438,0.4642857142857143,0.40310077519379844,26,47,3083,30
0.5540080160320642,0.3561643835616438,0.4642857142857143,0.40310077519379844,26,47,3083,30
0.5549899799599199,0.3561643835616438,0.4642857142857143,0.40310077519379844,26,47,3083,30
0.5559719438877756,0.3561643835616438,0.4642857142857143,0.40310077519379844,26,47,3083,30
0.5569539078156314,0.3561643835616438,0.4642857142857143,0.40310077519379844,26,47,3083,30
0.557935871743487,0.3611111111111111,0.4642857142857143,0.40625,26,46,3084,30
0.5589178356713428,0.36619718309859156,0.4642857142857143,0.4094488188976378,26,45,3085,30
0.5598997995991984,0.36619718309859156,0.4642857142857143,0.4094488188976378,26,45,3085,30
0.5608817635270542,0.35714285714285715,0.44642857142857145,0.3968253968253968,25,45,3085,31
0.5618637274549099,0.35714285714285715,0.44642857142857145,0.3968253968253968,25,45,3085,31
0.5628456913827656,0.35714285714285715,0.44642857142857145,0.3968253968253968,25,45,3085,31
0.5638276553106213,0.35714285714285715,0.44642857142857145,0.3968253968253968,25,45,3085,31
0.5648096192384771,0.35714285714285715,0.44642857142857145,0.3968253968253968,25,45,3085,31
0.5657915831663327,0.35714285714285715,0.44642857142857145,0.3968253968253968,25,45,3085,31
0.5667735470941885,0.36231884057971014,0.44642857142857145,0.4,25,44,3086,31
0.5677555110220441,0.36231884057971014,0.44642857142857145,0.4,25,44,3086,31
0.5687374749498999,0.35294117647058826,0.42857142857142855,0.3870967741935484,24,44,3086,32
0.5697194388777556,0.3582089552238806,0.42857142857142855,0.3902439024390244,24,43,3087,32
0.5707014028056113,0.36363636363636365,0.42857142857142855,0.39344262295081966,24,42,3088,32
0.571683366733467,0.36363636363636365,0.42857142857142855,0.39344262295081966,24,42,3088,32
0.5726653306613227,0.36363636363636365,0.42857142857142855,0.39344262295081966,24,42,3088,32
0.5736472945891784,0.36363636363636365,0.42857142857142855,0.39344262295081966,24,42,3088,32
0.5746292585170342,0.36363636363636365,0.42857142857142855,0.39344262295081966,24,42,3088,32
0.5756112224448898,0.36923076923076925,0.42857142857142855,0.39669421487603307,24,41,3089,32
0.5765931863727456,0.36923076923076925,0.42857142857142855,0.39669421487603307,24,41,3089,32
0.5775751503006012,0.36923076923076925,0.42857142857142855,0.39669421487603307,24,41,3089,32
0.578557114228457,0.36923076923076925,0.42857142857142855,0.39669421487603307,24,41,3089,32
0.5795390781563127,0.36923076923076925,0.42857142857142855,0.39669421487603307,24,41,3089,32
0.5805210420841684,0.375,0.42857142857142855,0.4,24,40,3090,32
0.5815030060120241,0.375,0.42857142857142855,0.4,24,40,3090,32
0.5824849699398799,0.375,0.42857142857142855,0.4,24,40,3090,32
0.5834669338677355,0.375,0.42857142857142855,0.4,24,40,3090,32
0.5844488977955913,0.375,0.42857142857142855,0.4,24,40,3090,32
0.5854308617234469,0.36507936507936506,0.4107142857142857,0.3865546218487395,23,40,3090,33
0.5864128256513027,0.3709677419354839,0.4107142857142857,0.3898305084745763,23,39,3091,33
0.5873947895791584,0.3709677419354839,0.4107142857142857,0.3898305084745763,23,39,3091,33
0.5883767535070141,0.3709677419354839,0.4107142857142857,0.3898305084745763,23,39,3091,33
0.5893587174348698,0.3709677419354839,0.4107142857142857,0.3898305084745763,23,39,3091,33
0.5903406813627256,0.3709677419354839,0.4107142857142857,0.3898305084745763,23,39,3091,33
0.5913226452905812,0.3709677419354839,0.4107142857142857,0.3898305084745763,23,39,3091,33
0.592304609218437,0.3709677419354839,0.4107142857142857,0.3898305084745763,23,39,3091,33
0.5932865731462926,0.3709677419354839,0.4107142857142857,0.3898305084745763,23,39,3091,33
0.5942685370741484,0.3709677419354839,0.4107142857142857,0.3898305084745763,23,39,3091,33
0.595250501002004,0.3709677419354839,0.4107142857142857,0.3898305084745763,23,39,3091,33
0.5962324649298598,0.3709677419354839,0.4107142857142857,0.3898305084745763,23,39,3091,33
0.5972144288577155,0.3709677419354839,0.4107142857142857,0.3898305084745763,23,39,3091,33
0.5981963927855712,0.3709677419354839,0.4107142857142857,0.3898305084745763,23,39,3091,33
0.5991783567134269,0.3709677419354839,0.4107142857142857,0.3898305084745763,23,39,3091,33
0.6001603206412827,0.3709677419354839,0.4107142857142857,0.3898305084745763,23,39,3091,33
0.6011422845691383,0.3709677419354839,0.4107142857142857,0.3898305084745763,23,39,3091,33
0.6021242484969941,0.3770491803278688,0.4107142857142857,0.39316239316239315,23,38,3092,33
0.6031062124248497,0.3770491803278688,0.4107142857142857,0.39316239316239315,23,38,3092,33
0.6040881763527055,0.3770491803278688,0.4107142857142857,0.39316239316239315,23,38,3092,33
0.6050701402805612,0.3770491803278688,0.4107142857142857,0.39316239316239315,23,38,3092,33
0.6060521042084169,0.3770491803278688,0.4107142857142857,0.39316239316239315,23,38,3092,33
0.6070340681362726,0.3770491803278688,0.4107142857142857,0.39316239316239315,23,38,3092,33
0.6080160320641284,0.3770491803278688,0.4107142857142857,0.39316239316239315,23,38,3092,33
0.608997995991984,0.3770491803278688,0.4107142857142857,0.39316239316239315,23,38,3092,33
0.6099799599198398,0.3770491803278688,0.4107142857142857,0.39316239316239315,23,38,3092,33
0.6109619238476954,0.3770491803278688,0.4107142857142857,0.39316239316239315,23,38,3092,33
0.6119438877755512,0.3770491803278688,0.4107142857142857,0.39316239316239315,23,38,3092,33
0.6129258517034069,0.3898305084745763,0.4107142857142857,0.4,23,36,3094,33
0.6139078156312626,0.3898305084745763,0.4107142857142857,0.4,23,36,3094,33
0.6148897795591183,0.3898305084745763,0.4107142857142857,0.4,23,36,3094,33
0.615871743486974,0.3898305084745763,0.4107142857142857,0.4,23,36,3094,33
0.6168537074148297,0.3898305084745763,0.4107142857142857,0.4,23,36,3094,33
0.6178356713426855,0.3793103448275862,0.39285714285714285,0.38596491228070173,22,36,3094,34
0.6188176352705411,0.3793103448275862,0.39285714285714285,0.38596491228070173,22,36,3094,34
0.6197995991983969,0.3793103448275862,0.39285714285714285,0.38596491228070173,22,36,3094,34
0.6207815631262525,0.3793103448275862,0.39285714285714285,0.38596491228070173,22,36,3094,34
0.6217635270541083,0.3793103448275862,0.39285714285714285,0.38596491228070173,22,36,3094,34
0.622745490981964,0.3793103448275862,0.39285714285714285,0.38596491228070173,22,36,3094,34
0.6237274549098197,0.3793103448275862,0.39285714285714285,0.38596491228070173,22,36,3094,34
0.6247094188376754,0.3793103448275862,0.39285714285714285,0.38596491228070173,22,36,3094,34
0.6256913827655312,0.3793103448275862,0.39285714285714285,0.38596491228070173,22,36,3094,34
0.6266733466933868,0.3793103448275862,0.39285714285714285,0.38596491228070173,22,36,3094,34
0.6276553106212426,0.3793103448275862,0.39285714285714285,0.38596491228070173,22,36,3094,34
0.6286372745490982,0.3793103448275862,0.39285714285714285,0.38596491228070173,22,36,3094,34
0.629619238476954,0.3684210526315789,0.375,0.37168141592920356,21,36,3094,35
0.6306012024048097,0.3684210526315789,0.375,0.37168141592920356,21,36,3094,35
0.6315831663326654,0.3684210526315789,0.375,0.37168141592920356,21,36,3094,35
0.6325651302605211,0.3684210526315789,0.375,0.37168141592920356,21,36,3094,35
0.6335470941883768,0.375,0.375,0.375,21,35,3095,35
0.6345290581162325,0.375,0.375,0.375,21,35,3095,35
0.6355110220440883,0.375,0.375,0.375,21,35,3095,35
0.6364929859719439,0.375,0.375,0.375,21,35,3095,35
0.6374749498997997,0.375,0.375,0.375,21,35,3095,35
0.6384569138276553,0.38181818181818183,0.375,0.3783783783783784,21,34,3096,35
0.6394388777555111,0.37037037037037035,0.35714285714285715,0.36363636363636365,20,34,3096,36
0.6404208416833668,0.37037037037037035,0.35714285714285715,0.36363636363636365,20,34,3096,36
0.6414028056112225,0.37037037037037035,0.35714285714285715,0.36363636363636365,20,34,3096,36
0.6423847695390782,0.37037037037037035,0.35714285714285715,0.36363636363636365,20,34,3096,36
0.643366733466934,0.37037037037037035,0.35714285714285715,0.36363636363636365,20,34,3096,36
0.6443486973947896,0.37037037037037035,0.35714285714285715,0.36363636363636365,20,34,3096,36
0.6453306613226454,0.37037037037037035,0.35714285714285715,0.36363636363636365,20,34,3096,36
0.646312625250501,0.37037037037037035,0.35714285714285715,0.36363636363636365,20,34,3096,36
0.6472945891783568,0.37037037037037035,0.35714285714285715,0.36363636363636365,20,34,3096,36
0.6482765531062125,0.37037037037037035,0.35714285714285715,0.36363636363636365,20,34,3096,36
0.6492585170340682,0.37037037037037035,0.35714285714285715,0.36363636363636365,20,34,3096,36
0.6502404809619239,0.37037037037037035,0.35714285714285715,0.36363636363636365,20,34,3096,36
0.6512224448897797,0.37037037037037035,0.35714285714285715,0.36363636363636365,20,34,3096,36
0.6522044088176353,0.37037037037037035,0.35714285714285715,0.36363636363636365,20,34,3096,36
0.6531863727454911,0.37037037037037035,0.35714285714285715,0.36363636363636365,20,34,3096,36
0.6541683366733467,0.37037037037037035,0.35714285714285715,0.36363636363636365,20,34,3096,36
0.6551503006012025,0.37037037037037035,0.35714285714285715,0.36363636363636365,20,34,3096,36
0.6561322645290582,0.37037037037037035,0.35714285714285715,0.36363636363636365,20,34,3096,36
0.6571142284569139,0.37735849056603776,0.35714285714285715,0.3669724770642202,20,33,3097,36
0.6580961923847696,0.37735849056603776,0.35714285714285715,0.3669724770642202,20,33,3097,36
0.6590781563126253,0.37735849056603776,0.35714285714285715,0.3669724770642202,20,33,3097,36
0.660060120240481,0.37735849056603776,0.35714285714285715,0.3669724770642202,20,33,3097,36
0.6610420841683368,0.37735849056603776,0.35714285714285715,0.3669724770642202,20,33,3097,36
0.6620240480961924,0.37735849056603776,0.35714285714285715,0.3669724770642202,20,33,3097,36
0.6630060120240482,0.37735849056603776,0.35714285714285715,0.3669724770642202,20,33,3097,36
0.6639879759519038,0.37735849056603776,0.35714285714285715,0.3669724770642202,20,33,3097,36
0.6649699398797596,0.38461538461538464,0.35714285714285715,0.37037037037037035,20,32,3098,36
0.6659519038076153,0.38461538461538464,0.35714285714285715,0.37037037037037035,20,32,3098,36
0.666933867735471,0.39215686274509803,0.35714285714285715,0.37383177570093457,20,31,3099,36
0.6679158316633267,0.39215686274509803,0.35714285714285715,0.37383177570093457,20,31,3099,36
0.6688977955911825,0.39215686274509803,0.35714285714285715,0.37383177570093457,20,31,3099,36
0.6698797595190381,0.39215686274509803,0.35714285714285715,0.37383177570093457,20,31,3099,36
0.6708617234468939,0.39215686274509803,0.35714285714285715,0.37383177570093457,20,31,3099,36
0.6718436873747495,0.4,0.35714285714285715,0.37735849056603776,20,30,3100,36
0.6728256513026053,0.4,0.35714285714285715,0.37735849056603776,20,30,3100,36
0.673807615230461,0.4,0.35714285714285715,0.37735849056603776,20,30,3100,36
0.6747895791583167,0.4,0.35714285714285715,0.37735849056603776,20,30,3100,36
0.6757715430861724,0.4,0.35714285714285715,0.37735849056603776,20,30,3100,36
0.6767535070140281,0.4,0.35714285714285715,0.37735849056603776,20,30,3100,36
0.6777354709418838,0.4,0.35714285714285715,0.37735849056603776,20,30,3100,36
0.6787174348697396,0.40816326530612246,0.35714285714285715,0.38095238095238093,20,29,3101,36
0.6796993987975952,0.40816326530612246,0.35714285714285715,0.38095238095238093,20,29,3101,36
0.680681362725451,0.40816326530612246,0.35714285714285715,0.38095238095238093,20,29,3101,36
0.6816633266533066,0.40816326530612246,0.35714285714285715,0.38095238095238093,20,29,3101,36
0.6826452905811624,0.425531914893617,0.35714285714285715,0.3883495145631068,20,27,3103,36
0.6836272545090181,0.425531914893617,0.35714285714285715,0.3883495145631068,20,27,3103,36
0.6846092184368738,0.425531914893617,0.35714285714285715,0.3883495145631068,20,27,3103,36
0.6855911823647295,0.425531914893617,0.35714285714285715,0.3883495145631068,20,27,3103,36
0.6865731462925853,0.425531914893617,0.35714285714285715,0.3883495145631068,20,27,3103,36
0.6875551102204409,0.425531914893617,0.35714285714285715,0.3883495145631068,20,27,3103,36
0.6885370741482967,0.425531914893617,0.35714285714285715,0.3883495145631068,20,27,3103,36
0.6895190380761523,0.425531914893617,0.35714285714285715,0.3883495145631068,20,27,3103,36
0.6905010020040081,0.425531914893617,0.35714285714285715,0.3883495145631068,20,27,3103,36
0.6914829659318638,0.41304347826086957,0.3392857142857143,0.37254901960784315,19,27,3103,37
0.6924649298597195,0.41304347826086957,0.3392857142857143,0.37254901960784315,19,27,3103,37
0.6934468937875752,0.4222222222222222,0.3392857142857143,0.37623762376237624,19,26,3104,37
0.694428857715431,0.4222222222222222,0.3392857142857143,0.37623762376237624,19,26,3104,37
0.6954108216432866,0.4222222222222222,0.3392857142857143,0.37623762376237624,19,26,3104,37
0.6963927855711424,0.4222222222222222,0.3392857142857143,0.37623762376237624,19,26,3104,37
0.697374749498998,0.4222222222222222,0.3392857142857143,0.37623762376237624,19,26,3104,37
0.6983567134268538,0.4222222222222222,0.3392857142857143,0.37623762376237624,19,26,3104,37
0.6993386773547094,0.4222222222222222,0.3392857142857143,0.37623762376237624,19,26,3104,37
0.7003206412825652,0.4318181818181818,0.3392857142857143,0.38,19,25,3105,37
0.7013026052104209,0.4318181818181818,0.3392857142857143,0.38,19,25,3105,37
0.7022845691382766,0.4186046511627907,0.32142857142857145,0.36363636363636365,18,25,3105,38
0.7032665330661323,0.42857142857142855,0.32142857142857145,0.3673469387755102,18,24,3106,38
0.7042484969939881,0.42857142857142855,0.32142857142857145,0.3673469387755102,18,24,3106,38
0.7052304609218437,0.42857142857142855,0.32142857142857145,0.3673469387755102,18,24,3106,38
0.7062124248496995,0.42857142857142855,0.32142857142857145,0.3673469387755102,18,24,3106,38
0.7071943887775551,0.42857142857142855,0.32142857142857145,0.3673469387755102,18,24,3106,38
0.7081763527054109,0.42857142857142855,0.32142857142857145,0.3673469387755102,18,24,3106,38
0.7091583166332666,0.42857142857142855,0.32142857142857145,0.3673469387755102,18,24,3106,38
0.7101402805611223,0.42857142857142855,0.32142857142857145,0.3673469387755102,18,24,3106,38
0.711122244488978,0.42857142857142855,0.32142857142857145,0.3673469387755102,18,24,3106,38
0.7121042084168338,0.43902439024390244,0.32142857142857145,0.3711340206185567,18,23,3107,38
0.7130861723446894,0.43902439024390244,0.32142857142857145,0.3711340206185567,18,23,3107,38
0.7140681362725452,0.43902439024390244,0.32142857142857145,0.3711340206185567,18,23,3107,38
0.7150501002004008,0.43902439024390244,0.32142857142857145,0.3711340206185567,18,23,3107,38
0.7160320641282566,0.43902439024390244,0.32142857142857145,0.3711340206185567,18,23,3107,38
0.7170140280561123,0.43902439024390244,0.32142857142857145,0.3711340206185567,18,23,3107,38
0.717995991983968,0.43902439024390244,0.32142857142857145,0.3711340206185567,18,23,3107,38
0.7189779559118237,0.45,0.32142857142857145,0.375,18,22,3108,38
0.7199599198396794,0.46153846153846156,0.32142857142857145,0.37894736842105264,18,21,3109,38
0.7209418837675351,0.47368421052631576,0.32142857142857145,0.3829787234042553,18,20,3110,38
0.7219238476953909,0.4594594594594595,0.30357142857142855,0.3655913978494624,17,20,3110,39
0.7229058116232465,0.4594594594594595,0.30357142857142855,0.3655913978494624,17,20,3110,39
0.7238877755511023,0.4594594594594595,0.30357142857142855,0.3655913978494624,17,20,3110,39
0.7248697394789579,0.4594594594594595,0.30357142857142855,0.3655913978494624,17,20,3110,39
0.7258517034068137,0.4722222222222222,0.30357142857142855,0.3695652173913043,17,19,3111,39
0.7268336673346694,0.4722222222222222,0.30357142857142855,0.3695652173913043,17,19,3111,39
0.7278156312625251,0.4722222222222222,0.30357142857142855,0.3695652173913043,17,19,3111,39
0.7287975951903808,0.4722222222222222,0.30357142857142855,0.3695652173913043,17,19,3111,39
0.7297795591182366,0.4722222222222222,0.30357142857142855,0.3695652173913043,17,19,3111,39
0.7307615230460922,0.4722222222222222,0.30357142857142855,0.3695652173913043,17,19,3111,39
0.731743486973948,0.4722222222222222,0.30357142857142855,0.3695652173913043,17,19,3111,39
0.7327254509018036,0.4722222222222222,0.30357142857142855,0.3695652173913043,17,19,3111,39
0.7337074148296594,0.4857142857142857,0.30357142857142855,0.37362637362637363,17,18,3112,39
0.734689378757515,0.4857142857142857,0.30357142857142855,0.37362637362637363,17,18,3112,39
0.7356713426853708,0.4857142857142857,0.30357142857142855,0.37362637362637363,17,18,3112,39
0.7366533066132265,0.4857142857142857,0.30357142857142855,0.37362637362637363,17,18,3112,39
0.7376352705410822,0.4857142857142857,0.30357142857142855,0.37362637362637363,17,18,3112,39
0.7386172344689379,0.4857142857142857,0.30357142857142855,0.37362637362637363,17,18,3112,39
0.7395991983967937,0.4857142857142857,0.30357142857142855,0.37362637362637363,17,18,3112,39
0.7405811623246493,0.4857142857142857,0.30357142857142855,0.37362637362637363,17,18,3112,39
0.7415631262525051,0.4857142857142857,0.30357142857142855,0.37362637362637363,17,18,3112,39
0.7425450901803607,0.4857142857142857,0.30357142857142855,0.37362637362637363,17,18,3112,39
0.7435270541082165,0.4857142857142857,0.30357142857142855,0.37362637362637363,17,18,3112,39
0.7445090180360722,0.4857142857142857,0.30357142857142855,0.37362637362637363,17,18,3112,39
0.7454909819639279,0.4857142857142857,0.30357142857142855,0.37362637362637363,17,18,3112,39
0.7464729458917836,0.4857142857142857,0.30357142857142855,0.37362637362637363,17,18,3112,39
0.7474549098196394,0.4857142857142857,0.30357142857142855,0.37362637362637363,17,18,3112,39
0.748436873747495,0.4857142857142857,0.30357142857142855,0.37362637362637363,17,18,3112,39
0.7494188376753508,0.4857142857142857,0.30357142857142855,0.37362637362637363,17,18,3112,39
0.7504008016032064,0.4857142857142857,0.30357142857142855,0.37362637362637363,17,18,3112,39
0.7513827655310622,0.4857142857142857,0.30357142857142855,0.37362637362637363,17,18,3112,39
0.7523647294589179,0.4857142857142857,0.30357142857142855,0.37362637362637363,17,18,3112,39
0.7533466933867736,0.4857142857142857,0.30357142857142855,0.37362637362637363,17,18,3112,39
0.7543286573146293,0.4857142857142857,0.30357142857142855,0.37362637362637363,17,18,3112,39
0.755310621242485,0.4857142857142857,0.30357142857142855,0.37362637362637363,17,18,3112,39
0.7562925851703407,0.4857142857142857,0.30357142857142855,0.37362637362637363,17,18,3112,39
0.7572745490981965,0.4857142857142857,0.30357142857142855,0.37362637362637363,17,18,3112,39
0.7582565130260521,0.4857142857142857,0.30357142857142855,0.37362637362637363,17,18,3112,39
0.7592384769539079,0.4857142857142857,0.30357142857142855,0.37362637362637363,17,18,3112,39
0.7602204408817635,0.4857142857142857,0.30357142857142855,0.37362637362637363,17,18,3112,39
0.7612024048096193,0.4857142857142857,0.30357142857142855,0.37362637362637363,17,18,3112,39
0.762184368737475,0.4857142857142857,0.30357142857142855,0.37362637362637363,17,18,3112,39
0.7631663326653307,0.4857142857142857,0.30357142857142855,0.37362637362637363,17,18,3112,39
0.7641482965931865,0.4857142857142857,0.30357142857142855,0.37362637362637363,17,18,3112,39
0.7651302605210422,0.4857142857142857,0.30357142857142855,0.37362637362637363,17,18,3112,39
0.7661122244488979,0.4857142857142857,0.30357142857142855,0.37362637362637363,17,18,3112,39
0.7670941883767536,0.4857142857142857,0.30357142857142855,0.37362637362637363,17,18,3112,39
0.7680761523046093,0.4857142857142857,0.30357142857142855,0.37362637362637363,17,18,3112,39
0.769058116232465,0.4857142857142857,0.30357142857142855,0.37362637362637363,17,18,3112,39
0.7700400801603208,0.4857142857142857,0.30357142857142855,0.37362637362637363,17,18,3112,39
0.7710220440881764,0.4857142857142857,0.30357142857142855,0.37362637362637363,17,18,3112,39
0.7720040080160322,0.4857142857142857,0.30357142857142855,0.37362637362637363,17,18,3112,39
0.7729859719438879,0.4857142857142857,0.30357142857142855,0.37362637362637363,17,18,3112,39
0.7739679358717436,0.4857142857142857,0.30357142857142855,0.37362637362637363,17,18,3112,39
0.7749498997995993,0.4857142857142857,0.30357142857142855,0.37362637362637363,17,18,3112,39
0.775931863727455,0.5,0.30357142857142855,0.37777777777777777,17,17,3113,39
0.7769138276553107,0.5,0.30357142857142855,0.37777777777777777,17,17,3113,39
0.7778957915831665,0.5,0.30357142857142855,0.37777777777777777,17,17,3113,39
0.7788777555110221,0.5,0.30357142857142855,0.37777777777777777,17,17,3113,39
0.7798597194388779,0.5,0.30357142857142855,0.37777777777777777,17,17,3113,39
0.7808416833667335,0.5,0.30357142857142855,0.37777777777777777,17,17,3113,39
0.7818236472945893,0.5,0.30357142857142855,0.37777777777777777,17,17,3113,39
0.782805611222445,0.5,0.30357142857142855,0.37777777777777777,17,17,3113,39
0.7837875751503007,0.5151515151515151,0.30357142857142855,0.38202247191011235,17,16,3114,39
0.7847695390781564,0.5151515151515151,0.30357142857142855,0.38202247191011235,17,16,3114,39
0.7857515030060122,0.5151515151515151,0.30357142857142855,0.38202247191011235,17,16,3114,39
0.7867334669338678,0.5151515151515151,0.30357142857142855,0.38202247191011235,17,16,3114,39
0.7877154308617236,0.53125,0.30357142857142855,0.38636363636363635,17,15,3115,39
0.7886973947895792,0.53125,0.30357142857142855,0.38636363636363635,17,15,3115,39
0.789679358717435,0.53125,0.30357142857142855,0.38636363636363635,17,15,3115,39
0.7906613226452907,0.53125,0.30357142857142855,0.38636363636363635,17,15,3115,39
0.7916432865731464,0.5483870967741935,0.30357142857142855,0.39080459770114945,17,14,3116,39
0.7926252505010021,0.5483870967741935,0.30357142857142855,0.39080459770114945,17,14,3116,39
0.7936072144288578,0.5333333333333333,0.2857142857142857,0.37209302325581395,16,14,3116,40
0.7945891783567135,0.5333333333333333,0.2857142857142857,0.37209302325581395,16,14,3116,40
0.7955711422845693,0.5333333333333333,0.2857142857142857,0.37209302325581395,16,14,3116,40
0.7965531062124249,0.5517241379310345,0.2857142857142857,0.3764705882352941,16,13,3117,40
0.7975350701402807,0.5517241379310345,0.2857142857142857,0.3764705882352941,16,13,3117,40
0.7985170340681363,0.5517241379310345,0.2857142857142857,0.3764705882352941,16,13,3117,40
0.7994989979959921,0.5517241379310345,0.2857142857142857,0.3764705882352941,16,13,3117,40
0.8004809619238478,0.5517241379310345,0.2857142857142857,0.3764705882352941,16,13,3117,40
0.8014629258517035,0.5517241379310345,0.2857142857142857,0.3764705882352941,16,13,3117,40
0.8024448897795592,0.5517241379310345,0.2857142857142857,0.3764705882352941,16,13,3117,40
0.803426853707415,0.5517241379310345,0.2857142857142857,0.3764705882352941,16,13,3117,40
0.8044088176352706,0.5517241379310345,0.2857142857142857,0.3764705882352941,16,13,3117,40
0.8053907815631264,0.5517241379310345,0.2857142857142857,0.3764705882352941,16,13,3117,40
0.806372745490982,0.5517241379310345,0.2857142857142857,0.3764705882352941,16,13,3117,40
0.8073547094188378,0.5517241379310345,0.2857142857142857,0.3764705882352941,16,13,3117,40
0.8083366733466935,0.5517241379310345,0.2857142857142857,0.3764705882352941,16,13,3117,40
0.8093186372745492,0.5517241379310345,0.2857142857142857,0.3764705882352941,16,13,3117,40
0.8103006012024049,0.5517241379310345,0.2857142857142857,0.3764705882352941,16,13,3117,40
0.8112825651302606,0.5517241379310345,0.2857142857142857,0.3764705882352941,16,13,3117,40
0.8122645290581163,0.5517241379310345,0.2857142857142857,0.3764705882352941,16,13,3117,40
0.8132464929859721,0.5517241379310345,0.2857142857142857,0.3764705882352941,16,13,3117,40
0.8142284569138277,0.5357142857142857,0.26785714285714285,0.35714285714285715,15,13,3117,41
0.8152104208416835,0.5357142857142857,0.26785714285714285,0.35714285714285715,15,13,3117,41
0.8161923847695391,0.5357142857142857,0.26785714285714285,0.35714285714285715,15,13,3117,41
0.8171743486973949,0.5357142857142857,0.26785714285714285,0.35714285714285715,15,13,3117,41
0.8181563126252506,0.5357142857142857,0.26785714285714285,0.35714285714285715,15,13,3117,41
0.8191382765531063,0.5357142857142857,0.26785714285714285,0.35714285714285715,15,13,3117,41
0.820120240480962,0.5357142857142857,0.26785714285714285,0.35714285714285715,15,13,3117,41
0.8211022044088178,0.5357142857142857,0.26785714285714285,0.35714285714285715,15,13,3117,41
0.8220841683366734,0.5357142857142857,0.26785714285714285,0.35714285714285715,15,13,3117,41
0.8230661322645292,0.5357142857142857,0.26785714285714285,0.35714285714285715,15,13,3117,41
0.8240480961923848,0.5357142857142857,0.26785714285714285,0.35714285714285715,15,13,3117,41
0.8250300601202406,0.5357142857142857,0.26785714285714285,0.35714285714285715,15,13,3117,41
0.8260120240480963,0.5357142857142857,0.26785714285714285,0.35714285714285715,15,13,3117,41
0.826993987975952,0.5357142857142857,0.26785714285714285,0.35714285714285715,15,13,3117,41
0.8279759519038077,0.5357142857142857,0.26785714285714285,0.35714285714285715,15,13,3117,41
0.8289579158316634,0.5357142857142857,0.26785714285714285,0.35714285714285715,15,13,3117,41
0.8299398797595191,0.5357142857142857,0.26785714285714285,0.35714285714285715,15,13,3117,41
0.8309218436873749,0.5357142857142857,0.26785714285714285,0.35714285714285715,15,13,3117,41
0.8319038076152305,0.5357142857142857,0.26785714285714285,0.35714285714285715,15,13,3117,41
0.8328857715430863,0.5357142857142857,0.26785714285714285,0.35714285714285715,15,13,3117,41
0.833867735470942,0.5357142857142857,0.26785714285714285,0.35714285714285715,15,13,3117,41
0.8348496993987977,0.5185185185185185,0.25,0.3373493975903614,14,13,3117,42
0.8358316633266534,0.5185185185185185,0.25,0.3373493975903614,14,13,3117,42
0.8368136272545091,0.5185185185185185,0.25,0.3373493975903614,14,13,3117,42
0.8377955911823648,0.5185185185185185,0.25,0.3373493975903614,14,13,3117,42
0.8387775551102206,0.5185185185185185,0.25,0.3373493975903614,14,13,3117,42
0.8397595190380762,0.5384615384615384,0.25,0.34146341463414637,14,12,3118,42
0.840741482965932,0.56,0.25,0.345679012345679,14,11,3119,42
0.8417234468937876,0.56,0.25,0.345679012345679,14,11,3119,42
0.8427054108216434,0.56,0.25,0.345679012345679,14,11,3119,42
0.8436873747494991,0.56,0.25,0.345679012345679,14,11,3119,42
0.8446693386773548,0.56,0.25,0.345679012345679,14,11,3119,42
0.8456513026052105,0.56,0.25,0.345679012345679,14,11,3119,42
0.8466332665330663,0.56,0.25,0.345679012345679,14,11,3119,42
0.8476152304609219,0.56,0.25,0.345679012345679,14,11,3119,42
0.8485971943887777,0.56,0.25,0.345679012345679,14,11,3119,42
0.8495791583166333,0.56,0.25,0.345679012345679,14,11,3119,42
0.8505611222444891,0.56,0.25,0.345679012345679,14,11,3119,42
0.8515430861723448,0.56,0.25,0.345679012345679,14,11,3119,42
0.8525250501002005,0.56,0.25,0.345679012345679,14,11,3119,42
0.8535070140280562,0.56,0.25,0.345679012345679,14,11,3119,42
0.8544889779559119,0.56,0.25,0.345679012345679,14,11,3119,42
0.8554709418837676,0.56,0.25,0.345679012345679,14,11,3119,42
0.8564529058116234,0.56,0.25,0.345679012345679,14,11,3119,42
0.857434869739479,0.5833333333333334,0.25,0.35,14,10,3120,42
0.8584168336673348,0.6086956521739131,0.25,0.35443037974683544,14,9,3121,42
0.8593987975951904,0.6086956521739131,0.25,0.35443037974683544,14,9,3121,42
0.8603807615230462,0.6086956521739131,0.25,0.35443037974683544,14,9,3121,42
0.8613627254509019,0.6086956521739131,0.25,0.35443037974683544,14,9,3121,42
0.8623446893787576,0.6086956521739131,0.25,0.35443037974683544,14,9,3121,42
0.8633266533066133,0.6086956521739131,0.25,0.35443037974683544,14,9,3121,42
0.8643086172344691,0.6086956521739131,0.25,0.35443037974683544,14,9,3121,42
0.8652905811623247,0.5909090909090909,0.23214285714285715,0.3333333333333333,13,9,3121,43
0.8662725450901805,0.5909090909090909,0.23214285714285715,0.3333333333333333,13,9,3121,43
0.8672545090180361,0.5909090909090909,0.23214285714285715,0.3333333333333333,13,9,3121,43
0.8682364729458919,0.5909090909090909,0.23214285714285715,0.3333333333333333,13,9,3121,43
0.8692184368737476,0.5909090909090909,0.23214285714285715,0.3333333333333333,13,9,3121,43
0.8702004008016033,0.5909090909090909,0.23214285714285715,0.3333333333333333,13,9,3121,43
0.871182364729459,0.5909090909090909,0.23214285714285715,0.3333333333333333,13,9,3121,43
0.8721643286573147,0.5909090909090909,0.23214285714285715,0.3333333333333333,13,9,3121,43
0.8731462925851704,0.5909090909090909,0.23214285714285715,0.3333333333333333,13,9,3121,43
0.8741282565130262,0.5909090909090909,0.23214285714285715,0.3333333333333333,13,9,3121,43
0.8751102204408818,0.5909090909090909,0.23214285714285715,0.3333333333333333,13,9,3121,43
0.8760921843687376,0.5909090909090909,0.23214285714285715,0.3333333333333333,13,9,3121,43
0.8770741482965932,0.5909090909090909,0.23214285714285715,0.3333333333333333,13,9,3121,43
0.878056112224449,0.5909090909090909,0.23214285714285715,0.3333333333333333,13,9,3121,43
0.8790380761523047,0.5909090909090909,0.23214285714285715,0.3333333333333333,13,9,3121,43
0.8800200400801604,0.5909090909090909,0.23214285714285715,0.3333333333333333,13,9,3121,43
0.8810020040080161,0.5909090909090909,0.23214285714285715,0.3333333333333333,13,9,3121,43
0.8819839679358719,0.5909090909090909,0.23214285714285715,0.3333333333333333,13,9,3121,43
0.8829659318637275,0.5909090909090909,0.23214285714285715,0.3333333333333333,13,9,3121,43
0.8839478957915833,0.5909090909090909,0.23214285714285715,0.3333333333333333,13,9,3121,43
0.8849298597194389,0.5909090909090909,0.23214285714285715,0.3333333333333333,13,9,3121,43
0.8859118236472947,0.6190476190476191,0.23214285714285715,0.33766233766233766,13,8,3122,43
0.8868937875751504,0.6190476190476191,0.23214285714285715,0.33766233766233766,13,8,3122,43
0.8878757515030061,0.6190476190476191,0.23214285714285715,0.33766233766233766,13,8,3122,43
0.8888577154308618,0.6190476190476191,0.23214285714285715,0.33766233766233766,13,8,3122,43
0.8898396793587176,0.6,0.21428571428571427,0.3157894736842105,12,8,3122,44
0.8908216432865732,0.6,0.21428571428571427,0.3157894736842105,12,8,3122,44
0.891803607214429,0.6,0.21428571428571427,0.3157894736842105,12,8,3122,44
0.8927855711422846,0.6,0.21428571428571427,0.3157894736842105,12,8,3122,44
0.8937675350701404,0.5789473684210527,0.19642857142857142,0.29333333333333333,11,8,3122,45
0.894749498997996,0.5789473684210527,0.19642857142857142,0.29333333333333333,11,8,3122,45
0.8957314629258518,0.5789473684210527,0.19642857142857142,0.29333333333333333,11,8,3122,45
0.8967134268537075,0.5789473684210527,0.19642857142857142,0.29333333333333333,11,8,3122,45
0.8976953907815632,0.5789473684210527,0.19642857142857142,0.29333333333333333,11,8,3122,45
0.8986773547094189,0.5789473684210527,0.19642857142857142,0.29333333333333333,11,8,3122,45
0.8996593186372747,0.5789473684210527,0.19642857142857142,0.29333333333333333,11,8,3122,45
0.9006412825651303,0.5789473684210527,0.19642857142857142,0.29333333333333333,11,8,3122,45
0.9016232464929861,0.5789473684210527,0.19642857142857142,0.29333333333333333,11,8,3122,45
0.9026052104208417,0.6111111111111112,0.19642857142857142,0.2972972972972973,11,7,3123,45
0.9035871743486975,0.6111111111111112,0.19642857142857142,0.2972972972972973,11,7,3123,45
0.9045691382765532,0.6470588235294118,0.19642857142857142,0.3013698630136986,11,6,3124,45
0.9055511022044089,0.6470588235294118,0.19642857142857142,0.3013698630136986,11,6,3124,45
0.9065330661322646,0.6470588235294118,0.19642857142857142,0.3013698630136986,11,6,3124,45
0.9075150300601204,0.6470588235294118,0.19642857142857142,0.3013698630136986,11,6,3124,45
0.908496993987976,0.6470588235294118,0.19642857142857142,0.3013698630136986,11,6,3124,45
0.9094789579158318,0.6470588235294118,0.19642857142857142,0.3013698630136986,11,6,3124,45
0.9104609218436874,0.625,0.17857142857142858,0.2777777777777778,10,6,3124,46
0.9114428857715432,0.625,0.17857142857142858,0.2777777777777778,10,6,3124,46
0.9124248496993989,0.625,0.17857142857142858,0.2777777777777778,10,6,3124,46
0.9134068136272546,0.625,0.17857142857142858,0.2777777777777778,10,6,3124,46
0.9143887775551103,0.6666666666666666,0.17857142857142858,0.28169014084507044,10,5,3125,46
0.915370741482966,0.6428571428571429,0.16071428571428573,0.2571428571428571,9,5,3125,47
0.9163527054108217,0.6428571428571429,0.16071428571428573,0.2571428571428571,9,5,3125,47
0.9173346693386775,0.6428571428571429,0.16071428571428573,0.2571428571428571,9,5,3125,47
0.9183166332665331,0.6923076923076923,0.16071428571428573,0.2608695652173913,9,4,3126,47
0.9192985971943889,0.6923076923076923,0.16071428571428573,0.2608695652173913,9,4,3126,47
0.9202805611222445,0.6923076923076923,0.16071428571428573,0.2608695652173913,9,4,3126,47
0.9212625250501003,0.6666666666666666,0.14285714285714285,0.23529411764705882,8,4,3126,48
0.922244488977956,0.6666666666666666,0.14285714285714285,0.23529411764705882,8,4,3126,48
0.9232264529058117,0.6666666666666666,0.14285714285714285,0.23529411764705882,8,4,3126,48
0.9242084168336674,0.6666666666666666,0.14285714285714285,0.23529411764705882,8,4,3126,48
0.9251903807615232,0.6666666666666666,0.14285714285714285,0.23529411764705882,8,4,3126,48
0.9261723446893788,0.7272727272727273,0.14285714285714285,0.23880597014925373,8,3,3127,48
0.9271543086172346,0.7272727272727273,0.14285714285714285,0.23880597014925373,8,3,3127,48
0.9281362725450902,0.7272727272727273,0.14285714285714285,0.23880597014925373,8,3,3127,48
0.929118236472946,0.7272727272727273,0.14285714285714285,0.23880597014925373,8,3,3127,48
0.9301002004008017,0.7272727272727273,0.14285714285714285,0.23880597014925373,8,3,3127,48
0.9310821643286574,0.7272727272727273,0.14285714285714285,0.23880597014925373,8,3,3127,48
0.9320641282565131,0.7272727272727273,0.14285714285714285,0.23880597014925373,8,3,3127,48
0.9330460921843688,0.7272727272727273,0.14285714285714285,0.23880597014925373,8,3,3127,48
0.9340280561122245,0.7272727272727273,0.14285714285714285,0.23880597014925373,8,3,3127,48
0.9350100200400803,0.7272727272727273,0.14285714285714285,0.23880597014925373,8,3,3127,48
0.9359919839679359,0.7272727272727273,0.14285714285714285,0.23880597014925373,8,3,3127,48
0.9369739478957917,0.7272727272727273,0.14285714285714285,0.23880597014925373,8,3,3127,48
0.9379559118236473,0.8,0.14285714285714285,0.24242424242424243,8,2,3128,48
0.9389378757515031,0.8,0.14285714285714285,0.24242424242424243,8,2,3128,48
0.9399198396793588,0.8,0.14285714285714285,0.24242424242424243,8,2,3128,48
0.9409018036072145,0.7777777777777778,0.125,0.2153846153846154,7,2,3128,49
0.9418837675350702,0.75,0.10714285714285714,0.1875,6,2,3128,50
0.942865731462926,0.75,0.10714285714285714,0.1875,6,2,3128,50
0.9438476953907816,0.75,0.10714285714285714,0.1875,6,2,3128,50
0.9448296593186374,0.75,0.10714285714285714,0.1875,6,2,3128,50
0.945811623246493,0.75,0.10714285714285714,0.1875,6,2,3128,50
0.9467935871743488,0.75,0.10714285714285714,0.1875,6,2,3128,50
0.9477755511022045,0.75,0.10714285714285714,0.1875,6,2,3128,50
0.9487575150300602,0.8571428571428571,0.10714285714285714,0.19047619047619047,6,1,3129,50
0.9497394789579159,0.8333333333333334,0.08928571428571429,0.16129032258064516,5,1,3129,51
0.9507214428857717,0.8333333333333334,0.08928571428571429,0.16129032258064516,5,1,3129,51
0.9517034068136273,0.8,0.07142857142857142,0.13114754098360656,4,1,3129,52
0.9526853707414831,1.0,0.05357142857142857,0.1016949152542373,3,0,3130,53
0.9536673346693387,1.0,0.05357142857142857,0.1016949152542373,3,0,3130,53
0.9546492985971945,1.0,0.05357142857142857,0.1016949152542373,3,0,3130,53
0.9556312625250502,1.0,0.05357142857142857,0.1016949152542373,3,0,3130,53
0.9566132264529059,1.0,0.05357142857142857,0.1016949152542373,3,0,3130,53
0.9575951903807616,1.0,0.05357142857142857,0.1016949152542373,3,0,3130,53
0.9585771543086173,1.0,0.05357142857142857,0.1016949152542373,3,0,3130,53
0.959559118236473,1.0,0.05357142857142857,0.1016949152542373,3,0,3130,53
0.9605410821643288,1.0,0.05357142857142857,0.1016949152542373,3,0,3130,53
0.9615230460921844,1.0,0.05357142857142857,0.1016949152542373,3,0,3130,53
0.9625050100200402,1.0,0.03571428571428571,0.06896551724137931,2,0,3130,54
0.9634869739478958,1.0,0.03571428571428571,0.06896551724137931,2,0,3130,54
0.9644689378757516,1.0,0.03571428571428571,0.06896551724137931,2,0,3130,54
0.9654509018036073,1.0,0.03571428571428571,0.06896551724137931,2,0,3130,54
0.966432865731463,1.0,0.03571428571428571,0.06896551724137931,2,0,3130,54
0.9674148296593187,1.0,0.03571428571428571,0.06896551724137931,2,0,3130,54
0.9683967935871745,1.0,0.03571428571428571,0.06896551724137931,2,0,3130,54
0.9693787575150301,1.0,0.03571428571428571,0.06896551724137931,2,0,3130,54
0.9703607214428859,1.0,0.03571428571428571,0.06896551724137931,2,0,3130,54
0.9713426853707415,1.0,0.03571428571428571,0.06896551724137931,2,0,3130,54
0.9723246492985973,1.0,0.03571428571428571,0.06896551724137931,2,0,3130,54
0.973306613226453,1.0,0.03571428571428571,0.06896551724137931,2,0,3130,54
0.9742885771543087,1.0,0.03571428571428571,0.06896551724137931,2,0,3130,54
0.9752705410821644,1.0,0.03571428571428571,0.06896551724137931,2,0,3130,54
0.9762525050100201,1.0,0.03571428571428571,0.06896551724137931,2,0,3130,54
0.9772344689378758,1.0,0.017857142857142856,0.03508771929824561,1,0,3130,55
0.9782164328657316,0.0,0.0,0.0,0,0,3130,56
0.9791983967935872,0.0,0.0,0.0,0,0,3130,56
0.980180360721443,0.0,0.0,0.0,0,0,3130,56
0.9811623246492986,0.0,0.0,0.0,0,0,3130,56
0.9821442885771544,0.0,0.0,0.0,0,0,3130,56
0.9831262525050101,0.0,0.0,0.0,0,0,3130,56
0.9841082164328658,0.0,0.0,0.0,0,0,3130,56
0.9850901803607215,0.0,0.0,0.0,0,0,3130,56
0.9860721442885773,0.0,0.0,0.0,0,0,3130,56
0.9870541082164329,0.0,0.0,0.0,0,0,3130,56
0.9880360721442887,0.0,0.0,0.0,0,0,3130,56
0.9890180360721443,0.0,0.0,0.0,0,0,3130,56
0.99,0.0,0.0,0.0,0,0,3130,56
